;;;;;;;;;;;;;;;;;;;;;delta12[?s];delta23[?s];delta34[?s];delta54[?s];Razem[?s];Przesy³ SerialPort [s];Przesy³ SerialPort [Hz]
-50,77;-163,54;7,85;4553636;-95,61;162,23;-19,56;4560684;143,81;-179,16;-2,6;4566592;150,73;175,99;15,27;4572428;-0,66;9,88;-7,68;4580240;0;7048;5908;5836;7812;26604;;
-50,77;-163,54;7,85;4686172;-95,61;162,23;-19,56;4692300;143,81;-179,16;-2,6;4698980;150,73;175,99;15,27;4706908;-0,66;9,88;-7,68;4712940;2486377;6128;6680;7928;6032;26768;;
-50,77;-163,54;7,85;4821040;-95,61;162,23;-19,56;4826344;143,81;-179,16;-2,6;4832208;150,73;175,99;15,27;4839484;-0,66;9,88;-7,68;4844988;2620688;5304;5864;7276;5504;23948;0,134311;7,445406556
-50,77;-163,54;7,85;4952572;-95,61;162,23;-19,56;4960564;143,81;-179,16;-2,6;4966448;150,73;175,99;15,27;4972168;-0,66;9,88;-7,68;4978452;2753203;7992;5884;5720;6284;25880;0,132515;7,546315511
-50,77;-163,54;7,85;5084548;-95,61;162,23;-19,56;5092100;143,81;-179,16;-2,6;5099136;150,73;175,99;15,27;5106648;-0,66;9,88;-7,68;5114416;2885230;7552;7036;7512;7768;29868;0,132027;7,574208306
-50,77;-163,54;7,85;5222756;-95,61;162,23;-19,56;5228052;143,81;-179,16;-2,6;5234764;150,73;175,99;15,27;5241116;-0,66;9,88;-7,68;5247376;3023550;5296;6712;6352;6260;24620;0,13832;7,229612493
-50,77;-163,54;7,85;5354592;-95,61;162,23;-19,56;5362564;143,81;-179,16;-2,6;5369256;150,73;175,99;15,27;5376336;-0,66;9,88;-7,68;5383756;3155099;7972;6692;7080;7420;29164;0,131549;7,601730154
-50,77;-163,54;7,85;5489552;-95,61;162,23;-19,56;5495692;143,81;-179,16;-2,6;5501148;150,73;175,99;15,27;5508836;-0,66;9,88;-7,68;5516660;3290714;6140;5456;7688;7824;27108;0,135615;7,373815581
-50,77;-163,54;7,85;5624628;-95,61;162,23;-19,56;5629916;143,81;-179,16;-2,6;5637848;150,73;175,99;15,27;5643252;-0,66;9,88;-7,68;5650024;3425759;5288;7932;5404;6772;25396;0,135045;7,404939094
-50,77;-163,54;7,85;5756904;-95,61;162,23;-19,56;5764676;143,81;-179,16;-2,6;5770728;150,73;175,99;15,27;5779028;-0,66;9,88;-7,68;5786060;3556732;7772;6052;8300;7032;29156;0,130973;7,635161445
-50,77;-163,54;7,85;5892572;-95,61;162,23;-19,56;5898108;143,81;-179,16;-2,6;5904120;150,73;175,99;15,27;5911172;-0,66;9,88;-7,68;5919512;3692297;5536;6012;7052;8340;26940;0,135565;7,376535241
-50,77;-163,54;7,85;6027012;-95,61;162,23;-19,56;6032312;143,81;-179,16;-2,6;6039620;150,73;175,99;15,27;6045052;-0,66;9,88;-7,68;6052400;3827439;5300;7308;5432;7348;25388;0,135142;7,399624099
-50,77;-163,54;7,85;6158876;-95,61;162,23;-19,56;6166456;143,81;-179,16;-2,6;6171912;150,73;175,99;15,27;6179744;-0,66;9,88;-7,68;6185236;3958307;7580;5456;7832;5492;26360;0,130868;7,641287404
-50,77;-163,54;7,85;6290552;-95,61;162,23;-19,56;6298072;143,81;-179,16;-2,6;6303956;150,73;175,99;15,27;6311264;-0,66;9,88;-7,68;6316992;4092564;7520;5884;7308;5728;26440;0,134257;7,448401201
-50,77;-163,54;7,85;6422696;-95,61;162,23;-19,56;6429564;143,81;-179,16;-2,6;6436728;150,73;175,99;15,27;6442908;-0,66;9,88;-7,68;6448820;4224263;6868;7164;6180;5912;26124;0,131699;7,593072081
-50,77;-163,54;7,85;6555088;-95,61;162,23;-19,56;6560956;143,81;-179,16;-2,6;6566412;150,73;175,99;15,27;6572676;-0,66;9,88;-7,68;6578164;4355287;5868;5456;6264;5488;23076;0,131024;7,632189523
-50,77;-163,54;7,85;6683436;-95,61;162,23;-19,56;6690192;143,81;-179,16;-2,6;6697696;150,73;175,99;15,27;6703400;-0,66;9,88;-7,68;6709060;4485685;6756;7504;5704;5660;25624;0,130398;7,668829277
-50,77;-163,54;7,85;6814748;-95,61;162,23;-19,56;6821276;143,81;-179,16;-2,6;6829124;150,73;175,99;15,27;6834684;-0,66;9,88;-7,68;6840196;4616801;6528;7848;5560;5512;25448;0,131116;7,626834254
-50,77;-163,54;7,85;6946136;-95,61;162,23;-19,56;6952268;143,81;-179,16;-2,6;6959960;150,73;175,99;15,27;6965812;-0,66;9,88;-7,68;6971300;4747736;6132;7692;5852;5488;25164;0,130935;7,637377325
-50,77;-163,54;7,85;7077984;-95,61;162,23;-19,56;7083640;143,81;-179,16;-2,6;7090804;150,73;175,99;15,27;7096224;-0,66;9,88;-7,68;7101888;4880049;5656;7164;5420;5664;23904;0,132313;7,557836343
-50,77;-163,54;7,85;7208580;-95,61;162,23;-19,56;7214032;143,81;-179,16;-2,6;7221004;150,73;175,99;15,27;7226968;-0,66;9,88;-7,68;7232744;5011043;5452;6972;5964;5776;24164;0,130994;7,633937432
-50,77;-163,54;7,85;7338004;-95,61;162,23;-19,56;7344036;143,81;-179,16;-2,6;7351224;150,73;175,99;15,27;7357356;-0,66;9,88;-7,68;7363668;5140033;6032;7188;6132;6312;25664;0,12899;7,752538957
-50,77;-163,54;7,85;7470956;-95,61;162,23;-19,56;7476628;143,81;-179,16;-2,6;7482644;150,73;175,99;15,27;7490144;-0,66;9,88;-7,68;7495632;5273851;5672;6016;7500;5488;24676;0,133818;7,47283624
-50,77;-163,54;7,85;7603196;-95,61;162,23;-19,56;7610048;143,81;-179,16;-2,6;7615500;150,73;175,99;15,27;7623012;-0,66;9,88;-7,68;7629784;5403903;6852;5452;7512;6772;26588;0,130052;7,689232
-50,77;-163,54;7,85;7736184;-95,61;162,23;-19,56;7742544;143,81;-179,16;-2,6;7750288;150,73;175,99;15,27;7755696;-0,66;9,88;-7,68;7763952;5538207;6360;7744;5408;8256;27768;0,134304;7,445794615
-50,77;-163,54;7,85;7869648;-95,61;162,23;-19,56;7876024;143,81;-179,16;-2,6;7882416;150,73;175,99;15,27;7888952;-0,66;9,88;-7,68;7896352;5670483;6376;6392;6536;7400;26704;0,132276;7,559950407
-50,77;-163,54;7,85;8004228;-95,61;162,23;-19,56;8010104;143,81;-179,16;-2,6;8015548;150,73;175,99;15,27;8023332;-0,66;9,88;-7,68;8029012;5805700;5876;5444;7784;5680;24784;0,135217;7,395519794
-50,77;-163,54;7,85;8136700;-95,61;162,23;-19,56;8142424;143,81;-179,16;-2,6;8150356;150,73;175,99;15,27;8155780;-0,66;9,88;-7,68;8161708;5939793;5724;7932;5424;5928;25008;0,134093;7,457510832
-50,77;-163,54;7,85;8268044;-95,61;162,23;-19,56;8275620;143,81;-179,16;-2,6;8282468;150,73;175,99;15,27;8288480;-0,66;9,88;-7,68;8295496;6070974;7576;6848;6012;7016;27452;0,131181;7,623055168
-50,77;-163,54;7,85;8401188;-95,61;162,23;-19,56;8407872;143,81;-179,16;-2,6;8413800;150,73;175,99;15,27;8421036;-0,66;9,88;-7,68;8426940;6202905;6684;5928;7236;5904;25752;0,131931;7,579719702
-50,77;-163,54;7,85;8532880;-95,61;162,23;-19,56;8539200;143,81;-179,16;-2,6;8544660;150,73;175,99;15,27;8550068;-0,66;9,88;-7,68;8556528;6333652;6320;5460;5408;6460;23648;0,130747;7,648359045
-50,77;-163,54;7,85;8662212;-95,61;162,23;-19,56;8668912;143,81;-179,16;-2,6;8674380;150,73;175,99;15,27;8681776;-0,66;9,88;-7,68;8689044;6465028;6700;5468;7396;7268;26832;0,131376;7,611740348
-50,77;-163,54;7,85;8794288;-95,61;162,23;-19,56;8800180;143,81;-179,16;-2,6;8806048;150,73;175,99;15,27;8813644;-0,66;9,88;-7,68;8822252;6596084;5892;5868;7596;8608;27964;0,131056;7,630325968
-50,77;-163,54;7,85;8929860;-95,61;162,23;-19,56;8938248;143,81;-179,16;-2,6;8943988;150,73;175,99;15,27;8949404;-0,66;9,88;-7,68;8955632;6731275;8388;5740;5416;6228;25772;0,135191;7,396942104
-50,77;-163,54;7,85;9061720;-95,61;162,23;-19,56;9069316;143,81;-179,16;-2,6;9074784;150,73;175,99;15,27;9082044;-0,66;9,88;-7,68;9087540;6865404;7596;5468;7260;5496;25820;0,134129;7,455509249
-50,77;-163,54;7,85;9193132;-95,61;162,23;-19,56;9199424;143,81;-179,16;-2,6;9204888;150,73;175,99;15,27;9211900;-0,66;9,88;-7,68;9218000;6996482;6292;5464;7012;6100;24868;0,131078;7,629045301
-50,77;-163,54;7,85;9323512;-95,61;162,23;-19,56;9331036;143,81;-179,16;-2,6;9336912;150,73;175,99;15,27;9344600;-0,66;9,88;-7,68;9350232;7127527;7524;5876;7688;5632;26720;0,131045;7,630966462
-50,77;-163,54;7,85;9455916;-95,61;162,23;-19,56;9462308;143,81;-179,16;-2,6;9467760;150,73;175,99;15,27;9475356;-0,66;9,88;-7,68;9480856;7259645;6392;5452;7596;5500;24940;0,132118;7,568991356
-50,77;-163,54;7,85;9586528;-95,61;162,23;-19,56;9593128;143,81;-179,16;-2,6;9600976;150,73;175,99;15,27;9607224;-0,66;9,88;-7,68;9613148;7390761;6600;7848;6248;5924;26620;0,131116;7,626834254
-50,77;-163,54;7,85;9720336;-95,61;162,23;-19,56;9726112;143,81;-179,16;-2,6;9733240;150,73;175,99;15,27;9738664;-0,66;9,88;-7,68;9744584;7523719;5776;7128;5424;5920;24248;0,132958;7,521172099
-50,77;-163,54;7,85;9850104;-95,61;162,23;-19,56;9855404;143,81;-179,16;-2,6;9863124;150,73;175,99;15,27;9868540;-0,66;9,88;-7,68;9874040;7653493;5300;7720;5416;5500;23936;0,129774;7,705703762
-50,77;-163,54;7,85;9980992;-95,61;162,23;-19,56;9986292;143,81;-179,16;-2,6;9993472;150,73;175,99;15,27;9998884;-0,66;9,88;-7,68;10004380;7783639;5300;7180;5412;5496;23388;0,130146;7,68367833
-50,77;-163,54;7,85;10111436;-95,61;162,23;-19,56;10116780;143,81;-179,16;-2,6;10123860;150,73;175,99;15,27;10129328;-0,66;9,88;-7,68;10135484;7915014;5344;7080;5468;6156;24048;0,131375;7,611798287
-50,77;-163,54;7,85;10243172;-95,61;162,23;-19,56;10248516;143,81;-179,16;-2,6;10254768;150,73;175,99;15,27;10260664;-0,66;9,88;-7,68;10266456;8046009;5344;6252;5896;5792;23284;0,130995;7,633879156
-50,77;-163,54;7,85;10374588;-95,61;162,23;-19,56;10381508;143,81;-179,16;-2,6;10387444;150,73;175,99;15,27;10395960;-0,66;9,88;-7,68;10404296;8177133;6920;5936;8516;8336;29708;0,131124;7,626368933
-50,77;-163,54;7,85;10510024;-95,61;162,23;-19,56;10516588;143,81;-179,16;-2,6;10523620;150,73;175,99;15,27;10529188;-0,66;9,88;-7,68;10536932;8314245;6564;7032;5568;7744;26908;0,137112;7,293307661
-50,77;-163,54;7,85;10644168;-95,61;162,23;-19,56;10649500;143,81;-179,16;-2,6;10655376;150,73;175,99;15,27;10661272;-0,66;9,88;-7,68;10668432;8447307;5332;5876;5896;7160;24264;0,133062;7,515293623
-50,77;-163,54;7,85;10776348;-95,61;162,23;-19,56;10783276;143,81;-179,16;-2,6;10790228;150,73;175,99;15,27;10797968;-0,66;9,88;-7,68;10805152;8581511;6928;6952;7740;7184;28804;0,134204;7,451342732
-50,77;-163,54;7,85;10910468;-95,61;162,23;-19,56;10917656;143,81;-179,16;-2,6;10924548;150,73;175,99;15,27;10930024;-0,66;9,88;-7,68;10938476;8714573;7188;6892;5476;8452;28008;0,133062;7,515293623
-50,77;-163,54;7,85;11045580;-95,61;162,23;-19,56;11050916;143,81;-179,16;-2,6;11056420;150,73;175,99;15,27;11062344;-0,66;9,88;-7,68;11070176;8848875;5336;5504;5924;7832;24596;0,134302;7,445905497
-50,77;-163,54;7,85;11178076;-95,61;162,23;-19,56;11185124;143,81;-179,16;-2,6;11192992;150,73;175,99;15,27;11199600;-0,66;9,88;-7,68;11205580;8982877;7048;7868;6608;5980;27504;0,134002;7,462575185
-50,77;-163,54;7,85;11311488;-95,61;162,23;-19,56;11318956;143,81;-179,16;-2,6;11325416;150,73;175,99;15,27;11330896;-0,66;9,88;-7,68;11336872;9114996;7468;6460;5480;5976;25384;0,132119;7,568934067
-50,77;-163,54;7,85;11442348;-95,61;162,23;-19,56;11449836;143,81;-179,16;-2,6;11455948;150,73;175,99;15,27;11461712;-0,66;9,88;-7,68;11467672;9246118;7488;6112;5764;5960;25324;0,131122;7,626485258
-50,77;-163,54;7,85;11572996;-95,61;162,23;-19,56;11580328;143,81;-179,16;-2,6;11586208;150,73;175,99;15,27;11591860;-0,66;9,88;-7,68;11597404;9377107;7332;5880;5652;5544;24408;0,130989;7,634228828
-50,77;-163,54;7,85;11703276;-95,61;162,23;-19,56;11709616;143,81;-179,16;-2,6;11716148;150,73;175,99;15,27;11721620;-0,66;9,88;-7,68;11727740;9507960;6340;6532;5472;6120;24464;0,130853;7,642163344
-50,77;-163,54;7,85;11833624;-95,61;162,23;-19,56;11841152;143,81;-179,16;-2,6;11846672;150,73;175,99;15,27;11852136;-0,66;9,88;-7,68;11858416;9639241;7528;5520;5464;6280;24792;0,131281;7,617248497
-50,77;-163,54;7,85;11964300;-95,61;162,23;-19,56;11971748;143,81;-179,16;-2,6;11977260;150,73;175,99;15,27;11983184;-0,66;9,88;-7,68;11989452;9770357;7448;5512;5924;6268;25152;0,131116;7,626834254
-50,77;-163,54;7,85;12095012;-95,61;162,23;-19,56;12102620;143,81;-179,16;-2,6;12108444;150,73;175,99;15,27;12114916;-0,66;9,88;-7,68;12120844;9901063;7608;5824;6472;5928;25832;0,130706;7,65075819
-50,77;-163,54;7,85;12226168;-95,61;162,23;-19,56;12233228;143,81;-179,16;-2,6;12239160;150,73;175,99;15,27;12246408;-0,66;9,88;-7,68;12252356;10032486;7060;5932;7248;5948;26188;0,131423;7,609018208
-50,77;-163,54;7,85;12357692;-95,61;162,23;-19,56;12364236;143,81;-179,16;-2,6;12369748;150,73;175,99;15,27;12377332;-0,66;9,88;-7,68;12383112;10163590;6544;5512;7584;5780;25420;0,131104;7,627532341
-50,77;-163,54;7,85;12488860;-95,61;162,23;-19,56;12495156;143,81;-179,16;-2,6;12502468;150,73;175,99;15,27;12509372;-0,66;9,88;-7,68;12514916;10294608;6296;7312;6904;5544;26056;0,131018;7,63253904
-50,77;-163,54;7,85;12622100;-95,61;162,23;-19,56;12627564;143,81;-179,16;-2,6;12635368;150,73;175,99;15,27;12641676;-0,66;9,88;-7,68;12647656;10428613;5464;7804;6308;5980;25556;0,134005;7,462408119
-50,77;-163,54;7,85;12755292;-95,61;162,23;-19,56;12760632;143,81;-179,16;-2,6;12767016;150,73;175,99;15,27;12772500;-0,66;9,88;-7,68;12778476;10560855;5340;6384;5484;5976;23184;0,132242;7,561894103
-50,77;-163,54;7,85;12886144;-95,61;162,23;-19,56;12893976;143,81;-179,16;-2,6;12899912;150,73;175,99;15,27;12905388;-0,66;9,88;-7,68;12910940;10690980;7832;5936;5476;5552;24796;0,130125;7,684918348
-50,77;-163,54;7,85;13017560;-95,61;162,23;-19,56;13025280;143,81;-179,16;-2,6;13032232;150,73;175,99;15,27;13039972;-0,66;9,88;-7,68;13047144;10822965;7720;6952;7740;7172;29584;0,131985;7,576618555
-50,77;-163,54;7,85;13154424;-95,61;162,23;-19,56;13159768;143,81;-179,16;-2,6;13166836;150,73;175,99;15,27;13172668;-0,66;9,88;-7,68;13178944;10961100;5344;7068;5832;6276;24520;0,138135;7,239294893
-50,77;-163,54;7,85;13286744;-95,61;162,23;-19,56;13293480;143,81;-179,16;-2,6;13298988;150,73;175,99;15,27;13304452;-0,66;9,88;-7,68;13310580;11093348;6736;5508;5464;6128;23836;0,132248;7,561551025
-50,77;-163,54;7,85;13417380;-95,61;162,23;-19,56;13424288;143,81;-179,16;-2,6;13430212;150,73;175,99;15,27;13436668;-0,66;9,88;-7,68;13442228;11224328;6908;5924;6456;5560;24848;0,13098;7,634753397
-50,77;-163,53;7,86;13549292;-95,61;162,23;-19,57;13557052;143,81;-179,17;-2,62;13565276;150,73;175,98;15,27;13572372;-0,66;9,88;-7,68;13580248;11355473;7760;8224;7096;7876;30956;0,131145;7,625147737
-50,77;-163,53;7,86;13688264;-95,61;162,23;-19,57;13694160;143,81;-179,16;-2,63;13700148;150,73;175,98;15,27;13705612;-0,66;9,88;-7,68;13712684;11493721;5896;5988;5464;7072;24420;0,138248;7,233377698
-50,77;-163,53;7,86;13819696;-95,61;162,23;-19,57;13826424;143,81;-179,16;-2,63;13834212;150,73;175,98;15,27;13841984;-0,66;9,88;-7,68;13849244;11625915;6728;7788;7772;7260;29548;0,132194;7,564639847
-50,77;-163,53;7,86;13955160;-95,61;162,23;-19,57;13961664;143,81;-179,16;-2,63;13968236;150,73;175,98;15,27;13973992;-0,66;9,88;-7,68;13982096;11760965;6504;6572;5756;8104;26936;0,13505;7,404664939
-50,77;-163,53;7,86;14089996;-95,61;162,23;-19,57;14096028;143,81;-179,16;-2,63;14103120;150,73;175,98;15,27;14109016;-0,66;9,88;-7,68;14116012;11895717;6032;7092;5896;6996;26016;0,134752;7,421040133
-50,77;-163,53;7,86;14222540;-95,61;162,23;-19,57;14230376;143,81;-179,16;-2,63;14237440;150,73;175,98;15,27;14243752;-0,66;9,88;-7,68;14249776;12030085;7836;7064;6312;6024;27236;0,134368;7,442248154
-50,77;-163,53;7,86;14355496;-95,61;162,23;-19,57;14362700;143,81;-179,16;-2,63;14369000;150,73;175,98;15,27;14374640;-0,66;9,88;-7,68;14380680;12162280;7204;6300;5640;6040;25184;0,132195;7,564582624
-50,77;-163,53;7,86;14486420;-95,61;162,23;-19,57;14493356;143,81;-179,16;-2,63;14499164;150,73;175,98;15,27;14505000;-0,66;9,88;-7,68;14510600;12292823;6936;5808;5836;5600;24180;0,130543;7,660311162
-50,77;-163,53;7,86;14615920;-95,61;162,23;-19,57;14622212;143,81;-179,16;-2,63;14628592;150,73;175,98;15,27;14634652;-0,66;9,88;-7,68;14640844;12422694;6292;6380;6060;6192;24924;0,129871;7,69994841
-50,77;-163,53;7,86;14746148;-95,61;162,23;-19,57;14753708;143,81;-179,16;-2,63;14759384;150,73;175,98;15,27;14765024;-0,66;9,88;-7,68;14771660;12553057;7560;5676;5640;6636;25512;0,130363;7,670888212
-50,77;-163,53;7,86;14877120;-95,61;162,23;-19,57;14884468;143,81;-179,16;-2,63;14890032;150,73;175,98;15,27;14895496;-0,66;9,88;-7,68;14902188;12683974;7348;5564;5464;6692;25068;0,130917;7,638427401
-50,77;-163,53;7,86;15007688;-95,61;162,23;-19,57;15015204;143,81;-179,16;-2,63;15020756;150,73;175,98;15,27;15026420;-0,66;9,88;-7,68;15033120;12813579;7516;5552;5664;6700;25432;0,129605;7,715751707
-50,77;-163,53;7,86;15138864;-95,61;162,23;-19,57;15145840;143,81;-179,16;-2,63;15151824;150,73;175,98;15,27;15157320;-0,66;9,88;-7,68;15164128;12944579;6976;5984;5496;6808;25264;0,131;7,633587786
-50,77;-163,53;7,86;15269456;-95,61;162,23;-19,57;15276400;143,81;-179,16;-2,63;15282660;150,73;175,98;15,27;15289060;-0,66;9,88;-7,68;15295624;13075704;6944;6260;6400;6564;26168;0,131125;7,626310772
-50,77;-163,53;7,86;15402364;-95,61;162,23;-19,57;15408288;143,81;-179,16;-2,63;15416780;150,73;175,98;15,27;15424228;-0,66;9,88;-7,68;15429836;13210824;5924;8492;7448;5608;27472;0,13512;7,400828893
-50,77;-163,53;7,86;15537136;-95,61;162,23;-19,57;15544560;143,81;-179,16;-2,63;15550128;150,73;175,98;15,27;15556152;-0,66;9,88;-7,68;15563796;13344952;7424;5568;6024;7644;26660;0,134128;7,455564834
-50,77;-163,53;7,86;15669500;-95,61;162,23;-19,57;15675924;143,81;-179,16;-2,63;15681900;150,73;175,98;15,27;15687772;-0,66;9,88;-7,68;15696028;13477070;6424;5976;5872;8256;26528;0,132118;7,568991356
-50,77;-163,53;7,86;15801764;-95,61;162,23;-19,57;15808772;143,81;-179,16;-2,63;15817188;150,73;175,98;15,27;15824720;-0,66;9,88;-7,68;15830704;13608066;7008;8416;7532;5984;28940;0,130996;7,63382088
-50,77;-163,53;7,86;15938384;-95,61;162,23;-19,57;15945324;143,81;-179,16;-2,63;15950896;150,73;175,98;15,27;15956828;-0,66;9,88;-7,68;15962652;13746321;6940;5572;5932;5824;24268;0,138255;7,233011464
-50,77;-163,53;7,86;16069792;-95,61;162,23;-19,57;16075384;143,81;-179,16;-2,63;16080952;150,73;175,98;15,27;16086780;-0,66;9,88;-7,68;16092528;13878445;5592;5568;5828;5748;22736;0,132124;7,568647634
-50,77;-163,53;7,86;16199868;-95,61;162,23;-19,57;16207296;143,81;-179,16;-2,63;16213300;150,73;175,98;15,27;16219224;-0,66;9,88;-7,68;16225260;14008441;7428;6004;5924;6036;25392;0,129996;7,692544386
-50,77;-163,53;7,86;16331412;-95,61;162,23;-19,57;16339328;143,81;-179,16;-2,63;16347604;150,73;175,98;15,27;16355456;-0,66;9,88;-7,68;16362968;14140564;7916;8276;7852;7512;31556;0,132123;7,568704919
-50,77;-163,53;7,86;16470768;-95,61;162,23;-19,56;16476112;143,81;-179,17;-2,63;16481680;150,73;175,98;15,27;16487392;-0,66;9,88;-7,68;16494392;14279810;5344;5568;5712;7000;23624;0,139246;7,181534838
-50,77;-163,53;7,86;16601484;-95,61;162,23;-19,56;16608656;143,81;-179,17;-2,63;16615460;150,73;175,98;15,27;16622588;-0,66;9,88;-7,68;16628620;14410808;7172;6804;7128;6032;27136;0,130998;7,633704331
-50,77;-163,53;7,86;16733940;-95,61;162,23;-19,56;16741600;143,81;-179,17;-2,63;16749484;150,73;175,98;15,27;16756764;-0,66;9,88;-7,68;16764696;14541932;7660;7884;7280;7932;30756;0,131124;7,626368933
-50,77;-163,53;7,86;16872552;-95,61;162,23;-19,56;16877892;143,81;-179,17;-2,63;16883880;150,73;175,98;15,27;16889848;-0,66;9,88;-7,68;16897252;14681191;5340;5988;5968;7404;24700;0,139259;7,180864432
-50,77;-163,53;7,86;17003804;-95,61;162,23;-19,56;17011816;143,81;-179,17;-2,63;17019872;150,73;175,98;15,27;17026928;-0,66;9,88;-7,68;17033852;14812305;8012;8056;7056;6924;30048;0,131114;7,626950593
-50,77;-163,53;7,86;17142104;-95,61;162,23;-19,56;17147864;143,81;-179,17;-2,63;17153848;150,73;175,98;15,27;17159344;-0,66;9,88;-7,68;17167700;14951546;5760;5984;5496;8356;25596;0,139241;7,181792719
-50,77;-163,53;7,86;17274808;-95,61;162,23;-19,56;17280328;143,81;-179,17;-2,63;17288160;150,73;175,98;15,27;17295928;-0,66;9,88;-7,68;17301908;15082536;5520;7832;7768;5980;27100;0,13099;7,634170547
-50,77;-163,53;7,86;17407396;-95,61;162,23;-19,56;17415060;143,81;-179,17;-2,63;17421752;150,73;175,98;15,27;17428068;-0,66;9,88;-7,68;17433688;15216681;7664;6692;6316;5620;26292;0,134145;7,454620001
-50,77;-163,53;7,86;17539712;-95,61;162,23;-19,56;17546384;143,81;-179,17;-2,63;17552224;150,73;175,98;15,27;17558636;-0,66;9,88;-7,68;17564240;15347861;6672;5840;6412;5604;24528;0,13118;7,623113279
-50,77;-163,53;7,86;17670116;-95,61;162,23;-19,56;17677040;143,81;-179,17;-2,63;17682616;150,73;175,98;15,27;17688724;-0,66;9,88;-7,68;17695088;15479469;6924;5576;6108;6364;24972;0,131608;7,59832229
-50,77;-163,53;7,86;17801476;-95,61;162,23;-19,56;17807900;143,81;-179,17;-2,63;17813464;150,73;175,98;15,27;17819240;-0,66;9,88;-7,68;17825604;15610913;6424;5564;5776;6364;24128;0,131444;7,607802562
-50,77;-163,53;7,86;17930912;-95,61;162,23;-19,56;17937740;143,81;-179,17;-2,63;17943292;150,73;175,98;15,27;17949344;-0,66;9,88;-7,68;17956160;15740924;6828;5552;6052;6816;25248;0,130011;7,69165686
-50,77;-163,53;7,86;18062512;-95,61;162,23;-19,56;18068928;143,81;-179,17;-2,63;18074492;150,73;175,98;15,27;18079968;-0,66;9,88;-7,68;18086992;15872841;6416;5564;5476;7024;24480;0,131917;7,580524117
-50,77;-163,53;7,86;18193816;-95,61;162,23;-19,56;18199904;143,81;-179,17;-2,63;18206100;150,73;175,98;15,27;18211584;-0,66;9,88;-7,68;18218328;16004168;6088;6196;5484;6744;24512;0,131327;7,614580399
-50,77;-163,53;7,86;18325948;-95,61;162,23;-19,56;18331292;143,81;-179,17;-2,63;18338812;150,73;175,98;15,27;18346864;-0,66;9,88;-7,68;18352472;16135167;5344;7520;8052;5608;26524;0,130999;7,633646058
-50,77;-163,53;7,86;18459392;-95,61;162,23;-19,56;18466544;143,81;-179,17;-2,63;18473048;150,73;175,98;15,27;18479492;-0,66;9,88;-7,68;18487688;16269292;7152;6504;6444;8196;28296;0,134125;7,455731594
-50,77;-163,53;7,86;18593424;-95,61;162,23;-19,56;18600500;143,81;-179,17;-2,63;18606744;150,73;175,98;15,27;18612220;-0,66;9,88;-7,68;18620104;16401402;7076;6244;5476;7884;26680;0,13211;7,569449701
-50,77;-163,53;7,86;18727868;-95,61;162,23;-19,56;18733216;143,81;-179,17;-2,63;18741040;150,73;175,98;15,27;18748780;-0,66;9,88;-7,68;18754432;16536536;5348;7824;7740;5652;26564;0,135134;7,400062161
-50,77;-163,53;7,86;18861120;-95,61;162,23;-19,56;18868160;143,81;-179,17;-2,63;18874092;150,73;175,98;15,27;18880304;-0,66;9,88;-7,68;18886364;16670784;7040;5932;6212;6060;25244;0,134248;7,448900542
-50,77;-163,53;7,86;18992316;-95,61;162,23;-19,56;19000208;143,81;-179,17;-2,63;19006212;150,73;175,98;15,27;19011708;-0,66;9,88;-7,68;19017764;16802780;7892;6004;5496;6056;25448;0,131996;7,575987151
-50,77;-163,53;7,86;19123256;-95,61;162,23;-19,56;19131456;143,81;-179,17;-2,63;19138252;150,73;175,98;15,27;19144688;-0,66;9,88;-7,68;19152720;16933903;8200;6796;6436;8032;29464;0,131123;7,626427095
-50,77;-163,53;7,86;19260640;-95,61;162,23;-19,56;19266172;143,81;-179,17;-2,63;19273224;150,73;175,98;15,27;19280076;-0,66;9,88;-7,68;19286760;17070851;5532;7052;6852;6684;26120;0,136948;7,302041651
-50,77;-163,53;7,86;19393340;-95,61;162,23;-19,56;19400288;143,81;-179,17;-2,63;19406280;150,73;175,98;15,27;19411788;-0,66;9,88;-7,68;19418220;17204147;6948;5992;5508;6432;24880;0,133296;7,502100588
-50,77;-163,53;7,86;19524380;-95,61;162,23;-19,56;19531824;143,81;-179,17;-2,63;19538792;150,73;175,98;15,27;19545032;-0,66;9,88;-7,68;19550752;17335276;7444;6968;6240;5720;26372;0,131129;7,626078137
-50,77;-163,53;7,86;19656076;-95,61;162,23;-19,56;19663860;143,81;-179,17;-2,63;19671688;150,73;175,98;15,27;19679476;-0,66;9,88;-7,68;19687760;17466366;7784;7828;7788;8284;31684;0,13109;7,628346937
-50,77;-163,53;7,86;19794260;-95,61;162,23;-19,56;19800356;143,81;-179,17;-2,63;19806408;150,73;175,98;15,27;19812328;-0,66;9,88;-7,68;19819388;17605521;6096;6052;5920;7060;25128;0,139155;7,186231181
-50,77;-163,53;7,86;19925780;-95,61;162,23;-19,56;19932908;143,81;-179,17;-2,63;19940656;150,73;175,98;15,27;19948536;-0,66;9,88;-7,68;19954636;17736644;7128;7748;7880;6100;28856;0,131123;7,626427095
-50,77;-163,53;7,86;20061448;-95,61;162,23;-19,56;20067876;143,81;-179,17;-2,63;20074452;150,73;175,98;15,27;20081336;-0,66;9,88;-7,68;20088496;17871356;6428;6576;6884;7160;27048;0,134712;7,423243661
-50,77;-163,53;7,86;20194884;-95,61;162,23;-19,56;20200440;143,81;-179,17;-2,63;20206132;150,73;175,98;15,27;20212412;-0,66;9,88;-7,68;20218020;18005897;5556;5692;6280;5608;23136;0,134541;7,432678514
-50,77;-163,53;7,86;20325640;-95,61;162,23;-19,56;20331448;143,81;-179,17;-2,63;20337428;150,73;175,98;15,27;20342924;-0,66;9,88;-7,68;20349308;18136949;5808;5980;5496;6384;23668;0,131052;7,630558862
-50,77;-163,53;7,86;20456872;-95,61;162,23;-19,56;20462660;143,81;-179,17;-2,63;20469600;150,73;175,98;15,27;20475508;-0,66;9,88;-7,68;20483864;18268022;5788;6940;5908;8356;26992;0,131073;7,629336324
-50,77;-163,53;7,86;20589624;-95,61;162,23;-19,56;20595400;143,81;-179,17;-2,63;20603288;150,73;175,98;15,27;20611060;-0,66;9,88;-7,68;20617812;18400317;5776;7888;7772;6752;28188;0,132295;7,558864659
-50,77;-163,53;7,86;20724988;-95,61;162,23;-19,56;20731076;143,81;-179,17;-2,63;20736968;150,73;175,98;15,27;20743064;-0,66;9,88;-7,68;20749028;18535261;6088;5892;6096;5964;24040;0,134944;7,410481385
-50,77;-163,53;7,86;20857148;-95,61;162,23;-19,56;20862492;143,81;-179,17;-2,63;20868868;150,73;175,98;15,27;20874360;-0,66;9,88;-7,68;20880208;18669391;5344;6376;5492;5848;23060;0,13413;7,455453664
-50,77;-163,53;7,86;20988256;-95,61;162,23;-19,56;20993604;143,81;-179,17;-2,63;21000984;150,73;175,98;15,27;21007416;-0,66;9,88;-7,68;21013424;18800513;5348;7380;6432;6008;25168;0,131122;7,626485258
-50,77;-163,53;7,86;21120336;-95,61;162,23;-19,56;21126660;143,81;-179,17;-2,63;21133544;150,73;175,98;15,27;21141284;-0,66;9,88;-7,68;21149268;18932634;6324;6884;7740;7984;28932;0,132121;7,568819491
-50,77;-163,53;7,86;21255468;-95,61;162,23;-19,56;21262460;143,81;-179,17;-2,63;21268456;150,73;175,98;15,27;21274208;-0,66;9,88;-7,68;21281140;19067750;6992;5996;5752;6932;25672;0,135116;7,401047988
-50,77;-163,53;7,86;21389048;-95,61;162,23;-19,56;21394724;143,81;-179,17;-2,63;21402860;150,73;175,98;15,27;21410732;-0,66;9,88;-7,68;21416756;19200734;5676;8136;7872;6024;27708;0,132984;7,519701618
-50,77;-163,53;7,86;21522788;-95,61;162,23;-19,56;21529900;143,81;-179,17;-2,63;21535976;150,73;175,98;15,27;21543072;-0,66;9,88;-7,68;21550400;19333739;7112;6076;7096;7328;27612;0,133005;7,518514342
-50,77;-163,53;7,86;21656160;-95,61;162,23;-19,56;21663684;143,81;-179,17;-2,63;21670656;150,73;175,98;15,27;21676596;-0,66;9,88;-7,68;21682996;19468123;7524;6972;5940;6400;26836;0,134384;7,441362067
-50,77;-163,53;7,86;21790976;-95,61;162,23;-19,56;21796528;143,81;-179,17;-2,63;21804440;150,73;175,98;15,27;21812176;-0,66;9,88;-7,68;21817788;19603252;5552;7912;7736;5612;26812;0,135129;7,400335975
-50,77;-163,53;7,86;21924204;-95,61;162,23;-19,56;21930664;143,81;-179,17;-2,63;21936440;150,73;175,98;15,27;21943556;-0,66;9,88;-7,68;21949152;19735373;6460;5776;7116;5596;24948;0,132121;7,568819491
-50,77;-163,53;7,86;22055188;-95,61;162,23;-19,56;22062256;143,81;-179,17;-2,63;22068168;150,73;175,98;15,27;22074592;-0,66;9,88;-7,68;22080192;19866494;7068;5912;6424;5600;25004;0,131121;7,626543422
-50,77;-163,53;7,86;22186076;-95,61;162,23;-19,56;22193324;143,81;-179,17;-2,63;22199312;150,73;175,98;15,27;22205352;-0,66;9,88;-7,68;22210956;19997484;7248;5988;6040;5604;24880;0,13099;7,634170547
-50,77;-163,53;7,86;22316668;-95,61;162,23;-19,56;22323852;143,81;-179,17;-2,63;22329416;150,73;175,98;15,27;22335444;-0,66;9,88;-7,68;22341648;20127491;7184;5564;6028;6204;24980;0,130007;7,691893513
-50,77;-163,53;7,86;22447428;-95,61;162,23;-19,56;22452776;143,81;-179,17;-2,63;22458760;150,73;175,98;15,27;22465356;-0,66;9,88;-7,68;22472032;20260009;5348;5984;6596;6676;24604;0,132518;7,546144675
-50,77;-163,53;7,86;22577708;-95,61;162,23;-19,56;22584960;143,81;-179,17;-2,63;22592344;150,73;175,98;15,27;22598268;-0,66;9,88;-7,68;22603880;20390738;7252;7384;5924;5612;26172;0,130729;7,649412143
-50,77;-163,53;7,86;22709368;-95,61;162,23;-19,56;22717336;143,81;-179,17;-2,63;22725328;150,73;175,98;15,27;22733284;-0,66;9,88;-7,68;22739316;20521737;7968;7992;7956;6032;29948;0,130999;7,633646058
-50,77;-163,53;7,86;22847200;-95,61;162,23;-19,56;22852524;143,81;-179,17;-2,63;22858088;150,73;175,98;15,27;22865384;-0,66;9,88;-7,68;22873276;20659945;5324;5564;7296;7892;26076;0,138208;7,235471174
-50,77;-163,53;7,86;22979192;-95,61;162,23;-19,56;22986000;143,81;-179,17;-2,63;22994156;150,73;175,98;15,27;23000956;-0,66;9,88;-7,68;23006832;20791919;6808;8156;6800;5876;27640;0,131974;7,577250064
-50,77;-163,53;7,86;23112752;-95,61;162,23;-19,56;23120284;143,81;-179,17;-2,63;23126972;150,73;175,98;15,27;23134740;-0,66;9,88;-7,68;23140332;20925785;7532;6688;7768;5592;27580;0,133866;7,470156724
-50,77;-163,53;7,86;23247948;-95,61;162,23;-19,56;23253292;143,81;-179,17;-2,63;23259208;150,73;175,98;15,27;23266192;-0,66;9,88;-7,68;23273368;21061362;5344;5916;6984;7176;25420;0,135577;7,37588234
-50,77;-163,53;7,86;23380068;-95,61;162,23;-19,56;23385836;143,81;-179,17;-2,63;23393220;150,73;175,98;15,27;23399016;-0,66;9,88;-7,68;23407048;21193033;5768;7384;5796;8032;26980;0,131671;7,594686757
-50,77;-163,53;7,86;23512356;-95,61;162,23;-19,56;23520136;143,81;-179,17;-2,63;23527104;150,73;175,98;15,27;23534772;-0,66;9,88;-7,68;23541136;21323473;7780;6968;7668;6364;28780;0,13044;7,666360012
-50,77;-163,53;7,86;23649480;-95,61;162,23;-19,56;23654860;143,81;-179,17;-2,63;23660852;150,73;175,98;15,27;23667376;-0,66;9,88;-7,68;23673272;21462665;5380;5992;6524;5896;23792;0,139192;7,184320938
-50,77;-163,53;7,86;23780888;-95,61;162,23;-19,56;23786544;143,81;-179,17;-2,63;23794348;150,73;175,98;15,27;23800268;-0,66;9,88;-7,68;23807152;21594514;5656;7804;5920;6884;26264;0,131849;7,584433708
-50,77;-163,53;7,86;23913068;-95,61;162,23;-19,56;23919540;143,81;-179,17;-2,63;23927032;150,73;175,98;15,27;23935068;-0,66;9,88;-7,68;23942820;21726517;6472;7492;8036;7752;29752;0,132003;7,575585403
-50,77;-163,53;7,86;24050996;-95,61;162,23;-19,56;24056684;143,81;-179,17;-2,63;24064296;150,73;175,98;15,27;24069784;-0,66;9,88;-7,68;24075476;21865097;5688;7612;5488;5692;24480;0,13858;7,216048492
-50,77;-163,53;7,86;24182944;-95,61;162,23;-19,56;24188728;143,81;-179,17;-2,63;24196672;150,73;175,98;15,27;24204128;-0,66;9,88;-7,68;24211576;21996221;5784;7944;7456;7448;28632;0,131124;7,626368933
-50,77;-163,53;7,86;24317312;-95,61;162,23;-19,56;24324932;143,81;-179,17;-2,63;24330496;150,73;175,98;15,27;24337432;-0,66;9,88;-7,68;24345316;22131470;7620;5564;6936;7884;28004;0,135249;7,393770009
-50,77;-163,53;7,86;24453044;-95,61;162,23;-19,56;24458500;143,81;-179,17;-2,63;24466352;150,73;175,98;15,27;24471840;-0,66;9,88;-7,68;24478152;22266590;5456;7852;5488;6312;25108;0,13512;7,400828893
-50,77;-163,53;7,86;24585064;-95,61;162,23;-19,56;24590836;143,81;-179,17;-2,63;24597796;150,73;175,98;15,27;24605952;-0,66;9,88;-7,68;24612004;22397167;5772;6960;8156;6052;26940;0,130577;7,658316549
-50,77;-163,53;7,86;24717328;-95,61;162,23;-19,56;24724512;143,81;-179,17;-2,63;24730056;150,73;175,98;15,27;24737608;-0,66;9,88;-7,68;24744132;22531448;7184;5544;7552;6524;26804;0,134281;7,44706995
-50,77;-163,53;7,86;24849876;-95,61;162,23;-19,56;24857412;143,81;-179,17;-2,63;24865016;150,73;175,98;15,27;24870508;-0,66;9,88;-7,68;24878708;22662365;7536;7604;5492;8200;28832;0,130917;7,638427401
-50,77;-163,53;7,86;24986244;-95,61;162,23;-19,56;24991696;143,81;-179,17;-2,63;24998448;150,73;175,98;15,27;25006576;-0,66;9,88;-7,68;25012776;22798959;5452;6752;8128;6200;26532;0,136594;7,320965782
-50,77;-163,53;7,86;25118468;-95,61;162,23;-19,56;25125128;143,81;-179,17;-2,63;25130684;150,73;175,98;15,27;25138232;-0,66;9,88;-7,68;25144020;22933089;6660;5556;7548;5788;25552;0,13413;7,455453664
-50,77;-163,53;7,86;25249328;-95,61;162,23;-19,56;25256176;143,81;-179,17;-2,63;25262184;150,73;175,98;15,27;25269216;-0,66;9,88;-7,68;25275048;23064086;6848;6008;7032;5832;25720;0,130997;7,633762605
-50,77;-163,53;7,86;25380356;-95,61;162,23;-19,56;25387684;143,81;-179,17;-2,63;25394832;150,73;175,98;15,27;25400544;-0,66;9,88;-7,68;25406264;23195129;7328;7148;5712;5720;25908;0,131043;7,631082927
-50,77;-163,53;7,86;25511584;-95,61;162,23;-19,56;25517412;143,81;-179,17;-2,63;25524380;150,73;175,98;15,27;25530460;-0,66;9,88;-7,68;25536680;23326335;5828;6968;6080;6220;25096;0,131206;7,621602671
-50,77;-163,53;7,86;25642308;-95,61;162,23;-19,56;25650416;143,81;-179,17;-2,63;25658160;150,73;175,98;15,27;25664668;-0,66;9,88;-7,68;25670980;23457003;8108;7744;6508;6312;28672;0,130668;7,652983133
-50,77;-163,53;7,86;25778636;-95,61;162,23;-19,56;25784180;143,81;-179,17;-2,63;25790020;150,73;175,98;15,27;25798040;-0,66;9,88;-7,68;25806208;23593531;5544;5840;8020;8168;27572;0,136528;7,324504863
-50,77;-163,53;7,86;25912080;-95,61;162,23;-19,56;25917420;143,81;-179,17;-2,63;25924172;150,73;175,98;15,27;25930616;-0,66;9,88;-7,68;25938328;23727579;5340;6752;6444;7712;26248;0,134048;7,460014323
-50,77;-163,53;7,86;26043836;-95,61;162,23;-19,56;26051696;143,81;-179,17;-2,63;26058904;150,73;175,98;15,27;26065680;-0,66;9,88;-7,68;26071348;23859690;7860;7208;6776;5668;27512;0,132111;7,569392405
-50,77;-163,53;7,86;26178856;-95,61;162,23;-19,56;26185152;143,81;-179,17;-2,63;26190720;150,73;175,98;15,27;26198688;-0,66;9,88;-7,68;26204720;23994213;6296;5568;7968;6032;25864;0,134523;7,433673052
-50,77;-163,53;7,86;26312248;-95,61;162,23;-19,56;26317584;143,81;-179,17;-2,63;26323948;150,73;175,98;15,27;26330740;-0,66;9,88;-7,68;26337812;24125806;5336;6364;6792;7072;25564;0,131593;7,599188407
-50,77;-163,53;7,86;26443868;-95,61;162,23;-19,56;26449808;143,81;-179,17;-2,63;26457636;150,73;175,98;15,27;26463308;-0,66;9,88;-7,68;26469344;24260076;5940;7828;5672;6036;25476;0,13427;7,447680048
-50,77;-163,53;7,86;26574880;-95,61;162,23;-19,56;26581420;143,81;-179,17;-2,63;26587660;150,73;175,98;15,27;26593144;-0,66;9,88;-7,68;26600612;24391066;6540;6240;5484;7468;25732;0,13099;7,634170547
-50,77;-163,53;7,86;26705936;-95,61;162,23;-19,56;26712884;143,81;-179,17;-2,63;26719756;150,73;175,98;15,27;26725240;-0,66;9,88;-7,68;26733332;24521616;6948;6872;5484;8092;27396;0,13055;7,659900421
-50,77;-163,53;7,86;26840072;-95,61;162,23;-19,56;26847256;143,81;-179,17;-2,63;26853216;150,73;175,98;15,27;26860804;-0,66;9,88;-7,68;26867336;24654439;7184;5960;7588;6532;27264;0,132823;7,528816545
-50,77;-163,53;7,86;26974200;-95,61;162,23;-19,56;26979560;143,81;-179,17;-2,63;26985124;150,73;175,98;15,27;26991832;-0,66;9,88;-7,68;26998172;24789145;5360;5564;6708;6340;23972;0,134706;7,423574303
-50,77;-163,53;7,86;27105444;-95,61;162,23;-19,56;27110792;143,81;-179,17;-2,63;27118640;150,73;175,98;15,27;27124112;-0,66;9,88;-7,68;27129784;24920559;5348;7848;5472;5672;24340;0,131414;7,609539318
-50,77;-163,53;7,86;27236504;-95,61;162,23;-19,56;27242316;143,81;-179,17;-2,63;27249640;150,73;175,98;15,27;27255560;-0,66;9,88;-7,68;27261168;25051685;5812;7324;5920;5608;24664;0,131126;7,626252612
-50,77;-163,53;7,86;27367644;-95,61;162,23;-19,56;27372992;143,81;-179,17;-2,63;27380312;150,73;175,98;15,27;27386528;-0,66;9,88;-7,68;27392124;25182681;5348;7320;6216;5596;24480;0,130996;7,63382088
-50,77;-163,53;7,86;27498168;-95,61;162,23;-19,56;27503916;143,81;-179,17;-2,63;27510556;150,73;175,98;15,27;27516756;-0,66;9,88;-7,68;27522832;25313804;5748;6640;6200;6076;24664;0,131123;7,626427095
-50,77;-163,53;7,86;27628868;-95,61;162,23;-19,56;27634656;143,81;-179,17;-2,63;27641044;150,73;175,98;15,27;27647536;-0,66;9,88;-7,68;27653712;25444803;5788;6388;6492;6176;24844;0,130999;7,633646058
-50,77;-163,53;7,86;27759600;-95,61;162,23;-19,56;27765380;143,81;-179,17;-2,63;27771508;150,73;175,98;15,27;27776988;-0,66;9,88;-7,68;27783848;25575926;5780;6128;5480;6860;24248;0,131123;7,626427095
-50,77;-163,53;7,86;27889896;-95,61;162,23;-19,56;27895656;143,81;-179,17;-2,63;27901592;150,73;175,98;15,27;27908208;-0,66;9,88;-7,68;27914916;25706178;5760;5936;6616;6708;25020;0,130252;7,677425299
-50,77;-163,53;7,86;28020972;-95,61;162,23;-19,56;28026316;143,81;-179,17;-2,63;28032220;150,73;175,98;15,27;28039444;-0,66;9,88;-7,68;28046156;25837448;5344;5904;7224;6712;25184;0,13127;7,617886798
-50,77;-163,53;7,86;28151580;-95,61;162,23;-19,56;28157760;143,81;-179,17;-2,63;28163688;150,73;175,98;15,27;28171856;-0,66;9,88;-7,68;28178020;25968959;6180;5928;8168;6164;26440;0,131511;7,603926668
-50,77;-163,53;7,86;28283784;-95,61;162,23;-19,56;28291708;143,81;-179,17;-2,63;28299560;150,73;175,98;15,27;28305052;-0,66;9,88;-7,68;28311068;26100051;7924;7852;5492;6016;27284;0,131092;7,628230556
-50,77;-163,53;7,86;28419016;-95,61;162,23;-19,56;28425388;143,81;-179,17;-2,63;28432000;150,73;175,98;15,27;28438156;-0,66;9,88;-7,68;28446064;26235420;6372;6612;6156;7908;27048;0,135369;7,387215685
-50,77;-163,53;7,86;28552464;-95,61;162,23;-19,56;28558224;143,81;-179,17;-2,63;28564284;150,73;175,98;15,27;28572468;-0,66;9,88;-7,68;28580024;26369313;5760;6060;8184;7556;27560;0,133893;7,46865034
-50,77;-163,53;7,86;28685764;-95,61;162,23;-19,56;28693780;143,81;-179,17;-2,63;28701108;150,73;175,98;15,27;28706912;-0,66;9,88;-7,68;28712504;26501713;8016;7328;5804;5592;26740;0,1324;7,552870091
-50,77;-163,53;7,86;28820116;-95,61;162,23;-19,56;28826732;143,81;-179,17;-2,63;28832856;150,73;175,98;15,27;28839396;-0,66;9,88;-7,68;28845464;26636659;6616;6124;6540;6068;25348;0,134946;7,410371556
-50,77;-163,53;7,86;28952960;-95,61;162,23;-19,56;28958308;143,81;-179,17;-2,63;28963892;150,73;175,98;15,27;28971116;-0,66;9,88;-7,68;28977408;26770205;5348;5584;7224;6292;24448;0,133546;7,48805655
-50,77;-163,53;7,86;29084132;-95,61;162,23;-19,56;29089472;143,81;-179,17;-2,63;29095468;150,73;175,98;15,27;29103244;-0,66;9,88;-7,68;29110860;26900774;5340;5996;7776;7616;26728;0,130569;7,658785776
-50,77;-163,53;7,86;29216180;-95,61;162,23;-19,56;29222168;143,81;-179,17;-2,63;29230288;150,73;175,98;15,27;29236136;-0,66;9,88;-7,68;29242160;27034033;5988;8120;5848;6024;25980;0,133259;7,504183582
-50,77;-163,53;7,86;29347708;-95,61;162,23;-19,56;29354644;143,81;-179,17;-2,63;29361832;150,73;175,98;15,27;29367328;-0,66;9,88;-7,68;29375232;27164968;6936;7188;5496;7904;27524;0,130935;7,637377325
-50,77;-163,53;7,86;29480736;-95,61;162,23;-19,56;29486928;143,81;-179,17;-2,63;29493080;150,73;175,98;15,27;29498980;-0,66;9,88;-7,68;29506832;27298019;6192;6152;5900;7852;26096;0,133051;7,51591495
-50,77;-163,53;7,86;29614580;-95,61;162,23;-19,56;29620544;143,81;-179,17;-2,63;29626952;150,73;175,98;15,27;29633336;-0,66;9,88;-7,68;29639712;27431281;5964;6408;6384;6376;25132;0,133262;7,504014648
-50,77;-163,53;7,86;29746636;-95,61;162,23;-19,56;29751988;143,81;-179,17;-2,63;29759900;150,73;175,98;15,27;29766328;-0,66;9,88;-7,68;29772376;27562405;5352;7912;6428;6048;25740;0,131124;7,626368933
-50,77;-163,53;7,86;29878476;-95,61;162,23;-19,56;29883820;143,81;-179,17;-2,63;29889800;150,73;175,98;15,27;29896388;-0,66;9,88;-7,68;29901992;27696408;5344;5980;6588;5604;23516;0,134003;7,462519496
-50,77;-163,53;7,86;30008380;-95,61;162,23;-19,56;30014020;143,81;-179,17;-2,63;30021824;150,73;175,98;15,27;30027700;-0,66;9,88;-7,68;30033304;27824523;5640;7804;5876;5604;24924;0,128115;7,805487258
-50,77;-163,53;7,86;30139244;-95,61;162,23;-19,56;30145040;143,81;-179,17;-2,63;30152412;150,73;175,98;15,27;30157912;-0,66;9,88;-7,68;30163780;27955523;5796;7372;5500;5868;24536;0,131;7,633587786
-50,77;-163,53;7,86;30269824;-95,61;162,23;-19,56;30275580;143,81;-179,17;-2,63;30282968;150,73;175,98;15,27;30288456;-0,66;9,88;-7,68;30294788;28087003;5756;7388;5488;6332;24964;0,13148;7,605719501
-50,77;-163,53;7,86;30400680;-95,61;162,23;-19,56;30406444;143,81;-179,17;-2,63;30413320;150,73;175,98;15,27;30418808;-0,66;9,88;-7,68;30425384;28217646;5764;6876;5488;6576;24704;0,130643;7,654447617
-50,77;-163,53;7,86;30531472;-95,61;162,23;-19,56;30536812;143,81;-179,17;-2,63;30543556;150,73;175,98;15,27;30549052;-0,66;9,88;-7,68;30555896;28348769;5340;6744;5496;6844;24424;0,131123;7,626427095
-50,77;-163,53;7,86;30661792;-95,61;162,23;-19,56;30667572;143,81;-179,17;-2,63;30673992;150,73;175,98;15,27;30679468;-0,66;9,88;-7,68;30686688;28479767;5780;6420;5476;7220;24896;0,130998;7,633704331
-50,77;-163,53;7,86;30792372;-95,61;162,23;-19,56;30798132;143,81;-179,17;-2,63;30804436;150,73;175,98;15,27;30810204;-0,66;9,88;-7,68;30817552;28609857;5760;6304;5768;7348;25180;0,13009;7,686985933
-50,77;-163,53;7,86;30923108;-95,61;162,23;-19,56;30928892;143,81;-179,17;-2,63;30935008;150,73;175,98;15,27;30940908;-0,66;9,88;-7,68;30948672;28741890;5784;6116;5900;7764;25564;0,132033;7,57386411
;;;;;;;;;;;;;;;;;;;;;6458,88;6580,08;6451,82;6540,88;26031,66;0,132603601;7,541273332
;;;;;;;;;;;;;;;;;;;;;0,00645888;0,00658008;0,00645182;0,00654088;0,02603166;s;Hz
