-0.38 5.00 -8.62 4548 -57.08 161.37 -10.20 4552 -149.77 178.69 -4.81 4557 -1.56 11.01 -16.04 4561 0.25 -1.44 -19.81 4564,1647561771.0786867
-0.38 5.00 -8.62 4669 -57.08 161.37 -10.20 4672 -149.77 178.69 -4.81 4677 -1.56 11.01 -16.04 4684 0.25 -1.44 -19.81 4690,1647561773.5334363
-0.38 5.00 -8.62 4798 -57.08 161.37 -10.20 4801 -149.77 178.69 -4.81 4807 -1.56 11.01 -16.04 4811 0.25 -1.44 -19.81 4814,1647561773.6580114
-0.38 5.00 -8.62 4920 -57.08 161.37 -10.20 4924 -149.77 178.69 -4.81 4928 -1.56 11.01 -16.04 4935 0.25 -1.44 -19.81 4941,1647561773.7838824
-0.38 5.00 -8.62 5049 -57.08 161.37 -10.20 5053 -149.77 178.69 -4.81 5058 -1.56 11.01 -16.04 5064 0.25 -1.44 -19.81 5067,1647561773.9104042
-0.38 5.00 -8.62 5172 -57.08 161.37 -10.20 5175 -149.77 178.69 -4.81 5178 -1.56 11.01 -16.04 5186 0.25 -1.44 -19.81 5192,1647561774.0348756
-0.38 5.00 -8.62 5299 -57.08 161.37 -10.20 5305 -149.77 178.69 -4.81 5308 -1.56 11.01 -16.04 5316 0.25 -1.44 -19.81 5319,1647561774.1604817
-0.38 5.00 -8.62 5423 -57.08 161.37 -10.20 5426 -149.77 178.69 -4.81 5430 -1.56 11.01 -16.04 5437 0.25 -1.44 -19.81 5443,1647561774.2877572
-0.38 5.00 -8.62 5547 -57.08 161.37 -10.20 5551 -149.77 178.69 -4.81 5558 -1.56 11.01 -16.04 5562 0.25 -1.44 -19.81 5565,1647561774.4114826
-0.38 5.00 -8.62 5672 -57.08 161.37 -10.20 5678 -149.77 178.69 -4.81 5681 -1.56 11.01 -16.04 5688 0.25 -1.44 -19.81 5695,1647561774.5345025
-0.38 5.00 -8.62 5799 -57.08 161.37 -10.20 5807 -149.77 178.69 -4.81 5811 -1.56 11.01 -16.04 5818 0.25 -1.44 -19.81 5821,1647561774.6634889
-0.38 5.00 -8.62 5925 -57.08 161.37 -10.20 5929 -149.77 178.69 -4.81 5934 -1.56 11.01 -16.04 5939 0.25 -1.44 -19.81 5945,1647561774.7884905
-0.38 5.00 -8.62 6049 -57.08 161.37 -10.20 6052 -149.77 178.69 -4.81 6059 -1.56 11.01 -16.04 6065 0.25 -1.44 -19.81 6068,1647561774.9133244
-0.38 5.00 -8.62 6174 -57.08 161.37 -10.20 6181 -149.77 178.69 -4.81 6184 -1.56 11.01 -16.04 6189 0.25 -1.44 -19.81 6196,1647561775.0372403
-0.38 5.00 -8.62 6300 -57.08 161.37 -10.20 6303 -149.77 178.69 -4.81 6309 -1.56 11.01 -16.04 6316 0.25 -1.44 -19.81 6319,1647561775.1652427
-0.38 5.00 -8.62 6426 -57.08 161.37 -10.20 6433 -149.77 178.69 -4.81 6437 -1.56 11.01 -16.04 6440 0.25 -1.44 -19.81 6448,1647561775.2870674
-0.38 5.00 -8.62 6551 -57.08 161.37 -10.20 6555 -149.77 178.69 -4.81 6560 -1.56 11.01 -16.04 6567 0.25 -1.44 -19.81 6571,1647561775.4140773
-0.38 5.00 -8.62 6677 -57.08 161.37 -10.20 6684 -149.77 178.69 -4.81 6690 -1.56 11.01 -16.04 6697 0.25 -1.44 -19.81 6701,1647561775.540907
-0.38 5.00 -8.62 6807 -57.08 161.37 -10.20 6811 -149.77 178.69 -4.81 6818 -1.56 11.01 -16.04 6821 0.25 -1.44 -19.81 6825,1647561775.66904
-0.38 5.00 -8.62 6930 -57.08 161.37 -10.20 6937 -149.77 178.69 -4.81 6940 -1.56 11.01 -16.04 6948 0.25 -1.44 -19.81 6951,1647561775.7949636
-0.38 5.00 -8.62 7058 -57.08 161.37 -10.20 7062 -149.77 178.69 -4.81 7069 -1.56 11.01 -16.04 7072 0.25 -1.44 -19.81 7076,1647561775.9218454
-0.38 5.00 -8.62 7181 -57.08 161.37 -10.20 7184 -149.77 178.69 -4.81 7190 -1.56 11.01 -16.04 7194 0.25 -1.44 -19.81 7200,1647561776.0458572
-0.38 5.00 -8.62 7305 -57.08 161.37 -10.20 7311 -149.77 178.69 -4.81 7315 -1.56 11.01 -16.04 7320 0.25 -1.44 -19.81 7323,1647561776.168327
-0.38 5.00 -8.62 7431 -57.08 161.37 -10.20 7434 -149.77 178.69 -4.81 7437 -1.56 11.01 -16.04 7440 0.25 -1.44 -19.81 7444,1647561776.2935753
-0.38 5.00 -8.62 7550 -57.08 161.37 -10.20 7554 -149.77 178.69 -4.81 7561 -1.56 11.01 -16.04 7567 0.25 -1.44 -19.81 7573,1647561776.414463
-0.38 5.00 -8.62 7681 -57.08 161.37 -10.20 7685 -149.77 178.69 -4.81 7689 -1.56 11.01 -16.04 7692 0.25 -1.44 -19.81 7696,1647561776.5432773
-0.38 5.00 -8.62 7802 -57.08 161.37 -10.20 7805 -149.77 178.69 -4.81 7812 -1.56 11.01 -16.04 7819 0.25 -1.44 -19.81 7825,1647561776.6643414
-0.38 5.00 -8.62 7931 -57.08 161.37 -10.20 7937 -149.77 178.69 -4.81 7942 -1.56 11.01 -16.04 7949 0.25 -1.44 -19.81 7955,1647561776.7950084
-0.38 5.00 -8.62 8062 -57.08 161.37 -10.20 8068 -149.77 178.69 -4.81 8072 -1.56 11.01 -16.04 8076 0.25 -1.44 -19.81 8079,1647561776.9253485
-0.38 5.00 -8.62 8184 -57.08 161.37 -10.20 8188 -149.77 178.69 -4.81 8193 -1.56 11.01 -16.04 8200 0.25 -1.44 -19.81 8206,1647561777.0493448
-0.38 5.00 -8.62 8312 -57.08 161.37 -10.20 8320 -149.77 178.69 -4.81 8323 -1.56 11.01 -16.04 8327 0.25 -1.44 -19.81 8330,1647561777.175814
-0.38 5.00 -8.62 8435 -57.08 161.37 -10.20 8440 -149.77 178.69 -4.81 8443 -1.56 11.01 -16.04 8451 0.25 -1.44 -19.81 8457,1647561777.2992108
-0.38 5.00 -8.62 8564 -57.08 161.37 -10.20 8570 -149.77 178.69 -4.81 8573 -1.56 11.01 -16.04 8578 0.25 -1.44 -19.81 8582,1647561777.4256911
-0.38 5.00 -8.62 8687 -57.08 161.37 -10.20 8692 -149.77 178.69 -4.81 8695 -1.56 11.01 -16.04 8701 0.25 -1.44 -19.81 8708,1647561777.5520918
-0.38 5.00 -8.62 8814 -57.08 161.37 -10.20 8817 -149.77 178.69 -4.81 8823 -1.56 11.01 -16.04 8826 0.25 -1.44 -19.81 8829,1647561777.6787503
-0.38 5.00 -8.62 8937 -57.08 161.37 -10.20 8943 -149.77 178.69 -4.81 8947 -1.56 11.01 -16.04 8952 0.25 -1.44 -19.81 8958,1647561777.8008687
-0.38 5.00 -8.62 9063 -57.08 161.37 -10.20 9066 -149.77 178.69 -4.81 9073 -1.56 11.01 -16.04 9076 0.25 -1.44 -19.81 9080,1647561777.927788
-0.38 5.00 -8.62 9188 -57.08 161.37 -10.20 9194 -149.77 178.69 -4.81 9198 -1.56 11.01 -16.04 9202 0.25 -1.44 -19.81 9209,1647561778.051705
-0.38 5.00 -8.62 9313 -57.08 161.37 -10.20 9318 -149.77 178.69 -4.81 9324 -1.56 11.01 -16.04 9327 0.25 -1.44 -19.81 9331,1647561778.1797073
-0.38 5.00 -8.62 9439 -57.08 161.37 -10.20 9443 -149.77 178.69 -4.81 9446 -1.56 11.01 -16.04 9452 0.25 -1.44 -19.81 9458,1647561778.3015735
-0.38 5.00 -8.62 9562 -57.08 161.37 -10.20 9565 -149.77 178.69 -4.81 9569 -1.56 11.01 -16.04 9573 0.25 -1.44 -19.81 9581,1647561778.4295805
-0.38 5.00 -8.62 9684 -57.08 161.37 -10.20 9691 -149.77 178.69 -4.81 9695 -1.56 11.01 -16.04 9702 0.25 -1.44 -19.81 9705,1647561778.55238
-0.38 5.00 -8.62 9811 -57.08 161.37 -10.20 9815 -149.77 178.69 -4.81 9819 -1.56 11.01 -16.04 9824 0.25 -1.44 -19.81 9828,1647561778.6753204
-0.38 5.00 -8.62 9932 -57.08 161.37 -10.20 9935 -149.77 178.69 -4.81 9938 -1.56 11.01 -16.04 9944 0.25 -1.44 -19.81 9948,1647561778.7980714
-0.38 5.00 -8.62 10052 -57.08 161.37 -10.20 10055 -149.77 178.69 -4.81 10061 -1.56 11.01 -16.04 10064 0.25 -1.44 -19.81 10071,1647561778.9189355
-0.38 5.00 -8.62 10174 -57.08 161.37 -10.20 10177 -149.77 178.69 -4.81 10184 -1.56 11.01 -16.04 10192 0.25 -1.44 -19.81 10195,1647561779.0428267
-0.38 5.00 -8.62 10299 -57.08 161.37 -10.20 10305 -149.77 178.69 -4.81 10309 -1.56 11.01 -16.04 10314 0.25 -1.44 -19.81 10317,1647561779.1664317
-0.38 5.00 -8.62 10424 -57.08 161.37 -10.20 10427 -149.77 178.69 -4.81 10434 -1.56 11.01 -16.04 10442 0.25 -1.44 -19.81 10446,1647561779.289693
-0.38 5.00 -8.62 10549 -57.08 161.37 -10.20 10556 -149.77 178.69 -4.81 10562 -1.56 11.01 -16.04 10565 0.25 -1.44 -19.81 10569,1647561779.4162138
-0.38 5.00 -8.62 10675 -57.08 161.37 -10.20 10679 -149.77 178.69 -4.81 10685 -1.56 11.01 -16.04 10693 0.25 -1.44 -19.81 10697,1647561779.539559
-0.38 5.00 -8.62 10801 -57.08 161.37 -10.20 10806 -149.77 178.69 -4.81 10809 -1.56 11.01 -16.04 10814 0.25 -1.44 -19.81 10818,1647561779.6696548
-0.38 5.00 -8.62 10925 -57.08 161.37 -10.20 10931 -149.77 178.69 -4.81 10937 -1.56 11.01 -16.04 10943 0.25 -1.44 -19.81 10948,1647561779.7894382
-0.38 5.00 -8.62 11052 -57.08 161.37 -10.20 11055 -149.77 178.69 -4.81 11058 -1.56 11.01 -16.04 11064 0.25 -1.44 -19.81 11068,1647561779.919115
-0.38 5.00 -8.62 11175 -57.08 161.37 -10.20 11180 -149.77 178.69 -4.81 11187 -1.56 11.01 -16.04 11194 0.25 -1.44 -19.81 11199,1647561780.0372128
-0.38 5.00 -8.62 11302 -57.08 161.37 -10.20 11305 -149.77 178.69 -4.81 11309 -1.56 11.01 -16.04 11315 0.25 -1.44 -19.81 11320,1647561780.170581
-0.38 5.00 -8.62 11426 -57.08 161.37 -10.20 11430 -149.77 178.69 -4.81 11437 -1.56 11.01 -16.04 11444 0.25 -1.44 -19.81 11448,1647561780.292055
-0.38 5.00 -8.62 11551 -57.08 161.37 -10.20 11556 -149.77 178.69 -4.81 11559 -1.56 11.01 -16.04 11566 0.25 -1.44 -19.81 11571,1647561780.4201796
-0.38 5.00 -8.62 11677 -57.08 161.37 -10.20 11680 -149.77 178.69 -4.81 11687 -1.56 11.01 -16.04 11695 0.25 -1.44 -19.81 11700,1647561780.542891
-0.38 5.00 -8.62 11803 -57.08 161.37 -10.20 11808 -149.77 178.69 -4.81 11812 -1.56 11.01 -16.04 11815 0.25 -1.44 -19.81 11822,1647561780.6729264
-0.38 5.00 -8.62 11928 -57.08 161.37 -10.20 11932 -149.77 178.69 -4.81 11938 -1.56 11.01 -16.04 11944 0.25 -1.44 -19.81 11949,1647561780.792793
-0.38 5.00 -8.62 12052 -57.08 161.37 -10.20 12059 -149.77 178.69 -4.81 12065 -1.56 11.01 -16.04 12068 0.25 -1.44 -19.81 12072,1647561780.9197962
-0.38 5.00 -8.62 12180 -57.08 161.37 -10.20 12183 -149.77 178.69 -4.81 12188 -1.56 11.01 -16.04 12195 0.25 -1.44 -19.81 12198,1647561781.045555
-0.38 5.00 -8.62 12303 -57.08 161.37 -10.20 12307 -149.77 178.69 -4.81 12310 -1.56 11.01 -16.04 12316 0.25 -1.44 -19.81 12322,1647561781.1716168
-0.38 5.00 -8.62 12427 -57.08 161.37 -10.20 12433 -149.77 178.69 -4.81 12439 -1.56 11.01 -16.04 12446 0.25 -1.44 -19.81 12449,1647561781.2955508
-0.38 5.00 -8.62 12554 -57.08 161.37 -10.20 12557 -149.77 178.69 -4.81 12560 -1.56 11.01 -16.04 12566 0.25 -1.44 -19.81 12573,1647561781.422546
-0.38 5.00 -8.62 12678 -57.08 161.37 -10.20 12684 -149.77 178.69 -4.81 12689 -1.56 11.01 -16.04 12696 0.25 -1.44 -19.81 12700,1647561781.5465443
-0.38 5.00 -8.62 12805 -57.08 161.37 -10.20 12808 -149.77 178.69 -4.81 12811 -1.56 11.01 -16.04 12817 0.25 -1.44 -19.81 12824,1647561781.6734157
-0.38 5.00 -8.62 12929 -57.08 161.37 -10.20 12936 -149.77 178.69 -4.81 12940 -1.56 11.01 -16.04 12947 0.25 -1.44 -19.81 12950,1647561781.7962909
-0.38 5.00 -8.62 13056 -57.08 161.37 -10.20 13059 -149.77 178.69 -4.81 13063 -1.56 11.01 -16.04 13068 0.25 -1.44 -19.81 13073,1647561781.92229
-0.38 5.00 -8.62 13176 -57.08 161.37 -10.20 13180 -149.77 178.69 -4.81 13185 -1.56 11.01 -16.04 13188 0.25 -1.44 -19.81 13194,1647561782.0458388
-0.38 5.00 -8.62 13297 -57.08 161.37 -10.20 13300 -149.77 178.69 -4.81 13306 -1.56 11.01 -16.04 13310 0.25 -1.44 -19.81 13317,1647561782.167915
-0.38 5.00 -8.62 13421 -57.08 161.37 -10.20 13424 -149.77 178.69 -4.81 13430 -1.56 11.01 -16.04 13433 0.25 -1.44 -19.81 13438,1647561782.290565
-0.38 5.00 -8.62 13546 -57.08 161.37 -10.20 13550 -149.77 178.69 -4.81 13553 -1.56 11.01 -16.04 13558 0.25 -1.44 -19.81 13561,1647561782.4104443
-0.38 5.00 -8.62 13668 -57.08 161.37 -10.20 13673 -149.77 178.69 -4.81 13680 -1.56 11.01 -16.04 13684 0.25 -1.44 -19.81 13689,1647561782.5355132
-0.38 5.00 -8.62 13797 -57.08 161.37 -10.20 13801 -149.77 178.69 -4.81 13805 -1.56 11.01 -16.04 13809 0.25 -1.44 -19.81 13812,1647561782.6632016
-0.38 5.00 -8.62 13917 -57.08 161.37 -10.20 13922 -149.77 178.69 -4.81 13927 -1.56 11.01 -16.04 13931 0.25 -1.44 -19.81 13935,1647561782.7864008
-0.38 5.00 -8.62 14040 -57.08 161.37 -10.20 14046 -149.77 178.69 -4.81 14051 -1.56 11.01 -16.04 14058 0.25 -1.44 -19.81 14061,1647561782.9092817
-0.38 5.00 -8.62 14164 -57.08 161.37 -10.20 14168 -149.77 178.69 -4.81 14172 -1.56 11.01 -16.04 14179 0.25 -1.44 -19.81 14182,1647561783.0352619
-0.38 5.00 -8.62 14289 -57.08 161.37 -10.20 14294 -149.77 178.69 -4.81 14297 -1.56 11.01 -16.04 14300 0.25 -1.44 -19.81 14304,1647561783.1561291
-0.38 5.00 -8.62 14410 -57.08 161.37 -10.20 14414 -149.77 178.69 -4.81 14420 -1.56 11.01 -16.04 14428 0.25 -1.44 -19.81 14433,1647561783.2778919
-0.38 5.00 -8.62 14540 -57.08 161.37 -10.20 14543 -149.77 178.69 -4.81 14546 -1.56 11.01 -16.04 14551 0.25 -1.44 -19.81 14554,1647561783.4058917
-0.38 5.00 -8.62 14661 -57.08 161.37 -10.20 14664 -149.77 178.69 -4.81 14671 -1.56 11.01 -16.04 14679 0.25 -1.44 -19.81 14684,1647561783.5287642
-0.38 5.00 -8.62 14791 -57.08 161.37 -10.20 14794 -149.77 178.69 -4.81 14797 -1.56 11.01 -16.04 14801 0.25 -1.44 -19.81 14804,1647561783.6587698
-0.38 5.00 -8.62 14912 -57.08 161.37 -10.20 14915 -149.77 178.69 -4.81 14922 -1.56 11.01 -16.04 14929 0.25 -1.44 -19.81 14935,1647561783.7786374
-0.38 5.00 -8.62 15042 -57.08 161.37 -10.20 15045 -149.77 178.69 -4.81 15049 -1.56 11.01 -16.04 15052 0.25 -1.44 -19.81 15056,1647561783.909763
-0.38 5.00 -8.62 15163 -57.08 161.37 -10.20 15166 -149.77 178.69 -4.81 15172 -1.56 11.01 -16.04 15180 0.25 -1.44 -19.81 15185,1647561784.0315087
-0.38 5.00 -8.62 15293 -57.08 161.37 -10.20 15297 -149.77 178.69 -4.81 15303 -1.56 11.01 -16.04 15309 0.25 -1.44 -19.81 15313,1647561784.1595104
-0.38 5.00 -8.62 15417 -57.08 161.37 -10.20 15420 -149.77 178.69 -4.81 15424 -1.56 11.01 -16.04 15430 0.25 -1.44 -19.81 15436,1647561784.2892988
-0.38 5.00 -8.62 15544 -57.08 161.37 -10.20 15549 -149.77 178.69 -4.81 15553 -1.56 11.01 -16.04 15560 0.25 -1.44 -19.81 15563,1647561784.412379
-0.38 5.00 -8.62 15667 -57.08 161.37 -10.20 15671 -149.77 178.69 -4.81 15674 -1.56 11.01 -16.04 15681 0.25 -1.44 -19.81 15687,1647561784.539039
-0.38 5.00 -8.62 15794 -57.08 161.37 -10.20 15800 -149.77 178.69 -4.81 15804 -1.56 11.01 -16.04 15810 0.25 -1.44 -19.81 15814,1647561784.66222
-0.38 5.00 -8.62 15918 -57.08 161.37 -10.20 15923 -149.77 178.69 -4.81 15926 -1.56 11.01 -16.04 15931 0.25 -1.44 -19.81 15938,1647561784.7890112
-0.38 5.00 -8.62 16041 -57.08 161.37 -10.20 16046 -149.77 178.69 -4.81 16049 -1.56 11.01 -16.04 16053 0.25 -1.44 -19.81 16059,1647561784.9128003
-0.38 5.00 -8.62 16166 -57.08 161.37 -10.20 16169 -149.77 178.69 -4.81 16175 -1.56 11.01 -16.04 16181 0.25 -1.44 -19.81 16188,1647561785.0350063
-0.38 5.00 -8.62 16291 -57.08 161.37 -10.20 16295 -149.77 178.69 -4.81 16299 -1.56 11.01 -16.04 16303 0.25 -1.44 -19.81 16310,1647561785.1629744
-0.38 5.00 -8.62 16415 -57.08 161.37 -10.20 16418 -149.77 178.69 -4.81 16424 -1.56 11.01 -16.04 16431 0.25 -1.44 -19.81 16435,1647561785.2848778
-0.38 5.00 -8.62 16540 -57.08 161.37 -10.20 16546 -149.77 178.69 -4.81 16549 -1.56 11.01 -16.04 16553 0.25 -1.44 -19.81 16561,1647561785.4107401
-0.38 5.00 -8.62 16666 -57.08 161.37 -10.20 16669 -149.77 178.69 -4.81 16674 -1.56 11.01 -16.04 16681 0.25 -1.44 -19.81 16685,1647561785.535745
-0.38 5.00 -8.62 16791 -57.08 161.37 -10.20 16798 -149.77 178.69 -4.81 16802 -1.56 11.01 -16.04 16806 0.25 -1.44 -19.81 16813,1647561785.6606116
-0.38 5.00 -8.62 16920 -57.08 161.37 -10.20 16923 -149.77 178.69 -4.81 16927 -1.56 11.01 -16.04 16932 0.25 -1.44 -19.81 16936,1647561785.7888236
-0.38 5.00 -8.62 17042 -57.08 161.37 -10.20 17046 -149.77 178.69 -4.81 17049 -1.56 11.01 -16.04 17052 0.25 -1.44 -19.81 17056,1647561785.9114873
-0.38 5.00 -8.62 17162 -57.08 161.37 -10.20 17166 -149.77 178.69 -4.81 17172 -1.56 11.01 -16.04 17176 0.25 -1.44 -19.81 17183,1647561786.0312266
-0.38 5.00 -8.62 17289 -57.08 161.37 -10.20 17294 -149.77 178.69 -4.81 17297 -1.56 11.01 -16.04 17303 0.25 -1.44 -19.81 17306,1647561786.1582296
-0.38 5.00 -8.62 17413 -57.08 161.37 -10.20 17416 -149.77 178.69 -4.81 17420 -1.56 11.01 -16.04 17424 0.25 -1.44 -19.81 17427,1647561786.2811322
-0.38 5.00 -8.62 17531 -57.08 161.37 -10.20 17536 -149.77 178.69 -4.81 17540 -1.56 11.01 -16.04 17544 0.25 -1.44 -19.81 17547,1647561786.4039726
-0.38 5.00 -8.62 17653 -57.08 161.37 -10.20 17657 -149.77 178.69 -4.81 17664 -1.56 11.01 -16.04 17671 0.25 -1.44 -19.81 17676,1647561786.522804
-0.38 5.00 -8.62 17779 -57.08 161.37 -10.20 17783 -149.77 178.69 -4.81 17786 -1.56 11.01 -16.04 17793 0.25 -1.44 -19.81 17798,1647561786.6536589
-0.38 5.00 -8.62 17904 -57.08 161.37 -10.20 17908 -149.77 178.69 -4.81 17915 -1.56 11.01 -16.04 17923 0.25 -1.44 -19.81 17928,1647561786.7726042
-0.38 5.00 -8.62 18031 -57.08 161.37 -10.20 18034 -149.77 178.69 -4.81 18038 -1.56 11.01 -16.04 18043 0.25 -1.44 -19.81 18049,1647561786.9036374
-0.38 5.00 -8.62 18155 -57.08 161.37 -10.20 18160 -149.77 178.69 -4.81 18166 -1.56 11.01 -16.04 18173 0.25 -1.44 -19.81 18179,1647561787.0254145
-0.38 5.00 -8.62 18282 -57.08 161.37 -10.20 18285 -149.77 178.69 -4.81 18289 -1.56 11.01 -16.04 18294 0.25 -1.44 -19.81 18299,1647561787.155465
-0.38 5.00 -8.62 18406 -57.08 161.37 -10.20 18412 -149.77 178.69 -4.81 18417 -1.56 11.01 -16.04 18423 0.25 -1.44 -19.81 18429,1647561787.2762141
-0.38 5.00 -8.62 18533 -57.08 161.37 -10.20 18536 -149.77 178.69 -4.81 18540 -1.56 11.01 -16.04 18544 0.25 -1.44 -19.81 18550,1647561787.4064784
-0.38 5.00 -8.62 18657 -57.08 161.37 -10.20 18664 -149.77 178.69 -4.81 18668 -1.56 11.01 -16.04 18674 0.25 -1.44 -19.81 18677,1647561787.5258484
-0.38 5.00 -8.62 18781 -57.08 161.37 -10.20 18786 -149.77 178.69 -4.81 18790 -1.56 11.01 -16.04 18794 0.25 -1.44 -19.81 18801,1647561787.653211
-0.38 5.00 -8.62 18909 -57.08 161.37 -10.20 18916 -149.77 178.69 -4.81 18919 -1.56 11.01 -16.04 18924 0.25 -1.44 -19.81 18928,1647561787.778095
-0.38 5.00 -8.62 19032 -57.08 161.37 -10.20 19038 -149.77 178.69 -4.81 19042 -1.56 11.01 -16.04 19046 0.25 -1.44 -19.81 19052,1647561787.9050164
-0.38 5.00 -8.62 19160 -57.08 161.37 -10.20 19164 -149.77 178.69 -4.81 19169 -1.56 11.01 -16.04 19175 0.25 -1.44 -19.81 19178,1647561788.0300558
-0.38 5.00 -8.62 19281 -57.08 161.37 -10.20 19289 -149.77 178.69 -4.81 19294 -1.56 11.01 -16.04 19297 0.25 -1.44 -19.81 19304,1647561788.1559627
-0.38 5.00 -8.62 19410 -57.08 161.37 -10.20 19414 -149.77 178.69 -4.81 19419 -1.56 11.01 -16.04 19425 0.25 -1.44 -19.81 19428,1647561788.279837
-0.38 5.00 -8.62 19532 -57.08 161.37 -10.20 19536 -149.77 178.69 -4.81 19540 -1.56 11.01 -16.04 19546 0.25 -1.44 -19.81 19550,1647561788.4058356
-0.38 5.00 -8.62 19653 -57.08 161.37 -10.20 19657 -149.77 178.69 -4.81 19660 -1.56 11.01 -16.04 19665 0.25 -1.44 -19.81 19670,1647561788.5258496
-0.38 5.00 -8.62 19773 -57.08 161.37 -10.20 19777 -149.77 178.69 -4.81 19780 -1.56 11.01 -16.04 19785 0.25 -1.44 -19.81 19789,1647561788.6474648
-0.38 5.00 -8.62 19894 -57.08 161.37 -10.20 19897 -149.77 178.69 -4.81 19901 -1.56 11.01 -16.04 19906 0.25 -1.44 -19.81 19909,1647561788.7673278
-0.38 5.00 -8.62 20015 -57.08 161.37 -10.20 20018 -149.77 178.69 -4.81 20021 -1.56 11.01 -16.04 20026 0.25 -1.44 -19.81 20029,1647561788.8854842
-0.38 5.00 -8.62 20134 -57.08 161.37 -10.20 20137 -149.77 178.69 -4.81 20142 -1.56 11.01 -16.04 20146 0.25 -1.44 -19.81 20150,1647561789.0079563
-0.38 5.00 -8.62 20255 -57.08 161.37 -10.20 20258 -149.77 178.69 -4.81 20261 -1.56 11.01 -16.04 20267 0.25 -1.44 -19.81 20270,1647561789.127573
-0.38 5.00 -8.62 20375 -57.08 161.37 -10.20 20379 -149.77 178.69 -4.81 20382 -1.56 11.01 -16.04 20386 0.25 -1.44 -19.81 20390,1647561789.2464483
-0.38 5.00 -8.62 20496 -57.08 161.37 -10.20 20500 -149.77 178.69 -4.81 20504 -1.56 11.01 -16.04 20507 0.25 -1.44 -19.81 20511,1647561789.368323
-0.38 5.00 -8.62 20617 -57.08 161.37 -10.20 20621 -149.77 178.69 -4.81 20627 -1.56 11.01 -16.04 20635 0.25 -1.44 -19.81 20639,1647561789.4880655
-0.38 5.00 -8.62 20743 -57.08 161.37 -10.20 20749 -149.77 178.69 -4.81 20752 -1.56 11.01 -16.04 20757 0.25 -1.44 -19.81 20760,1647561789.618073
-0.38 5.00 -8.62 20867 -57.08 161.37 -10.20 20873 -149.77 178.69 -4.81 20880 -1.56 11.01 -16.04 20887 0.25 -1.44 -19.81 20890,1647561789.7379453
-0.38 5.00 -8.62 20995 -57.08 161.37 -10.20 20999 -149.77 178.69 -4.81 21003 -1.56 11.01 -16.04 21007 0.25 -1.44 -19.81 21011,1647561789.8684266
-0.38 5.00 -8.62 21117 -57.08 161.37 -10.20 21125 -149.77 178.69 -4.81 21131 -1.56 11.01 -16.04 21137 0.25 -1.44 -19.81 21142,1647561789.9893482
-0.38 5.00 -8.62 21244 -57.08 161.37 -10.20 21249 -149.77 178.69 -4.81 21252 -1.56 11.01 -16.04 21257 0.25 -1.44 -19.81 21262,1647561790.1189404
-0.38 5.00 -8.62 21368 -57.08 161.37 -10.20 21376 -149.77 178.69 -4.81 21382 -1.56 11.01 -16.04 21388 0.25 -1.44 -19.81 21393,1647561790.2404182
-0.38 5.00 -8.62 21495 -57.08 161.37 -10.20 21499 -149.77 178.69 -4.81 21502 -1.56 11.01 -16.04 21508 0.25 -1.44 -19.81 21513,1647561790.3716862
-0.38 5.00 -8.62 21619 -57.08 161.37 -10.20 21625 -149.77 178.69 -4.81 21632 -1.56 11.01 -16.04 21638 0.25 -1.44 -19.81 21643,1647561790.491498
-0.38 5.00 -8.62 21746 -57.08 161.37 -10.20 21750 -149.77 178.69 -4.81 21754 -1.56 11.01 -16.04 21758 0.25 -1.44 -19.81 21764,1647561790.6223242
-0.38 5.00 -8.62 21871 -57.08 161.37 -10.20 21875 -149.77 178.69 -4.81 21881 -1.56 11.01 -16.04 21888 0.25 -1.44 -19.81 21892,1647561790.7411866
-0.38 5.00 -8.62 21995 -57.08 161.37 -10.20 22002 -149.77 178.69 -4.81 22005 -1.56 11.01 -16.04 22009 0.25 -1.44 -19.81 22014,1647561790.8714273
-0.38 5.00 -8.62 22122 -57.08 161.37 -10.20 22125 -149.77 178.69 -4.81 22131 -1.56 11.01 -16.04 22138 0.25 -1.44 -19.81 22142,1647561790.9943087
-0.38 5.00 -8.62 22246 -57.08 161.37 -10.20 22253 -149.77 178.69 -4.81 22256 -1.56 11.01 -16.04 22260 0.25 -1.44 -19.81 22265,1647561791.1222963
-0.38 5.00 -8.62 22373 -57.08 161.37 -10.20 22376 -149.77 178.69 -4.81 22383 -1.56 11.01 -16.04 22388 0.25 -1.44 -19.81 22392,1647561791.2451787
-0.38 5.00 -8.62 22496 -57.08 161.37 -10.20 22499 -149.77 178.69 -4.81 22504 -1.56 11.01 -16.04 22508 0.25 -1.44 -19.81 22515,1647561791.370923
-0.38 5.00 -8.62 22621 -57.08 161.37 -10.20 22624 -149.77 178.69 -4.81 22632 -1.56 11.01 -16.04 22639 0.25 -1.44 -19.81 22642,1647561791.4950507
-0.38 5.00 -8.62 22746 -57.08 161.37 -10.20 22750 -149.77 178.69 -4.81 22754 -1.56 11.01 -16.04 22759 0.25 -1.44 -19.81 22766,1647561791.6218994
-0.38 5.00 -8.62 22872 -57.08 161.37 -10.20 22875 -149.77 178.69 -4.81 22882 -1.56 11.01 -16.04 22889 0.25 -1.44 -19.81 22892,1647561791.7449214
-0.38 5.00 -8.62 22998 -57.08 161.37 -10.20 23001 -149.77 178.69 -4.81 23005 -1.56 11.01 -16.04 23009 0.25 -1.44 -19.81 23013,1647561791.872346
-0.38 5.00 -8.62 23117 -57.08 161.37 -10.20 23121 -149.77 178.69 -4.81 23126 -1.56 11.01 -16.04 23130 0.25 -1.44 -19.81 23134,1647561791.9936728
-0.38 5.00 -8.62 23238 -57.08 161.37 -10.20 23242 -149.77 178.69 -4.81 23246 -1.56 11.01 -16.04 23249 0.25 -1.44 -19.81 23254,1647561792.113536
-0.38 5.00 -8.62 23358 -57.08 161.37 -10.20 23363 -149.77 178.69 -4.81 23367 -1.56 11.01 -16.04 23370 0.25 -1.44 -19.81 23374,1647561792.2320256
-0.38 5.00 -8.62 23479 -57.08 161.37 -10.20 23484 -149.77 178.69 -4.81 23488 -1.56 11.01 -16.04 23492 0.25 -1.44 -19.81 23495,1647561792.3551674
-0.38 5.00 -8.62 23600 -57.08 161.37 -10.20 23605 -149.77 178.69 -4.81 23609 -1.56 11.01 -16.04 23612 0.25 -1.44 -19.81 23618,1647561792.4740283
-0.38 5.00 -8.62 23721 -57.08 161.37 -10.20 23727 -149.77 178.69 -4.81 23734 -1.56 11.01 -16.04 23740 0.25 -1.44 -19.81 23744,1647561792.5987718
-0.38 5.00 -8.62 23851 -57.08 161.37 -10.20 23857 -149.77 178.69 -4.81 23861 -1.56 11.01 -16.04 23867 0.25 -1.44 -19.81 23872,1647561792.723779
-0.38 5.00 -8.62 23980 -57.08 161.37 -10.20 23983 -149.77 178.69 -4.81 23987 -1.56 11.01 -16.04 23991 0.25 -1.44 -19.81 23994,1647561792.8526354
-0.38 5.00 -8.62 24101 -57.08 161.37 -10.20 24109 -149.77 178.69 -4.81 24113 -1.56 11.01 -16.04 24119 0.25 -1.44 -19.81 24124,1647561792.9737263
-0.38 5.00 -8.62 24230 -57.08 161.37 -10.20 24235 -149.77 178.69 -4.81 24238 -1.56 11.01 -16.04 24242 0.25 -1.44 -19.81 24245,1647561793.1046484
-0.38 5.00 -8.62 24351 -57.08 161.37 -10.20 24355 -149.77 178.69 -4.81 24359 -1.56 11.01 -16.04 24363 0.25 -1.44 -19.81 24366,1647561793.2255077
-0.38 5.00 -8.62 24473 -57.08 161.37 -10.20 24476 -149.77 178.69 -4.81 24482 -1.56 11.01 -16.04 24489 0.25 -1.44 -19.81 24496,1647561793.3464036
-0.38 5.00 -8.62 24602 -57.08 161.37 -10.20 24606 -149.77 178.69 -4.81 24609 -1.56 11.01 -16.04 24613 0.25 -1.44 -19.81 24616,1647561793.4763665
-0.38 5.00 -8.62 24723 -57.08 161.37 -10.20 24726 -149.77 178.69 -4.81 24730 -1.56 11.01 -16.04 24735 0.25 -1.44 -19.81 24738,1647561793.596142
-0.38 5.00 -8.62 24845 -57.08 161.37 -10.20 24848 -149.77 178.69 -4.81 24855 -1.56 11.01 -16.04 24861 0.25 -1.44 -19.81 24866,1647561793.7190242
-0.38 5.00 -8.62 24974 -57.08 161.37 -10.20 24977 -149.77 178.69 -4.81 24982 -1.56 11.01 -16.04 24989 0.25 -1.44 -19.81 24996,1647561793.8460233
-0.38 5.00 -8.62 25102 -57.08 161.37 -10.20 25107 -149.77 178.69 -4.81 25111 -1.56 11.01 -16.04 25115 0.25 -1.44 -19.81 25118,1647561793.9769535
-0.38 5.00 -8.62 25225 -57.08 161.37 -10.20 25229 -149.77 178.69 -4.81 25236 -1.56 11.01 -16.04 25242 0.25 -1.44 -19.81 25248,1647561794.099889
-0.38 5.00 -8.62 25356 -57.08 161.37 -10.20 25360 -149.77 178.69 -4.81 25363 -1.56 11.01 -16.04 25371 0.25 -1.44 -19.81 25377,1647561794.2295136
-0.38 5.00 -8.62 25483 -57.08 161.37 -10.20 25490 -149.77 178.69 -4.81 25496 -1.56 11.01 -16.04 25502 0.25 -1.44 -19.81 25505,1647561794.358014
-0.38 5.00 -8.62 25609 -57.08 161.37 -10.20 25612 -149.77 178.69 -4.81 25617 -1.56 11.01 -16.04 25622 0.25 -1.44 -19.81 25629,1647561794.4868374
-0.38 5.00 -8.62 25737 -57.08 161.37 -10.20 25743 -149.77 178.69 -4.81 25748 -1.56 11.01 -16.04 25753 0.25 -1.44 -19.81 25757,1647561794.6106746
-0.38 5.00 -8.62 25861 -57.08 161.37 -10.20 25864 -149.77 178.69 -4.81 25868 -1.56 11.01 -16.04 25873 0.25 -1.44 -19.81 25880,1647561794.7377589
-0.38 5.00 -8.62 25984 -57.08 161.37 -10.20 25987 -149.77 178.69 -4.81 25991 -1.56 11.01 -16.04 25994 0.25 -1.44 -19.81 26001,1647561794.8615522
-0.38 5.00 -8.62 26108 -57.08 161.37 -10.20 26115 -149.77 178.69 -4.81 26119 -1.56 11.01 -16.04 26124 0.25 -1.44 -19.81 26130,1647561794.9804156
-0.38 5.00 -8.62 26234 -57.08 161.37 -10.20 26237 -149.77 178.69 -4.81 26242 -1.56 11.01 -16.04 26245 0.25 -1.44 -19.81 26252,1647561795.1114762
-0.38 5.00 -8.62 26359 -57.08 161.37 -10.20 26366 -149.77 178.69 -4.81 26370 -1.56 11.01 -16.04 26374 0.25 -1.44 -19.81 26381,1647561795.2333865
-0.38 5.00 -8.62 26484 -57.08 161.37 -10.20 26489 -149.77 178.69 -4.81 26493 -1.56 11.01 -16.04 26497 0.25 -1.44 -19.81 26504,1647561795.3623068
-0.38 5.00 -8.62 26611 -57.08 161.37 -10.20 26618 -149.77 178.69 -4.81 26621 -1.56 11.01 -16.04 26626 0.25 -1.44 -19.81 26633,1647561795.4843771
-0.38 5.00 -8.62 26736 -57.08 161.37 -10.20 26741 -149.77 178.69 -4.81 26748 -1.56 11.01 -16.04 26754 0.25 -1.44 -19.81 26758,1647561795.6143825
-0.38 5.00 -8.62 26863 -57.08 161.37 -10.20 26870 -149.77 178.69 -4.81 26877 -1.56 11.01 -16.04 26884 0.25 -1.44 -19.81 26888,1647561795.73812
-0.38 5.00 -8.62 26993 -57.08 161.37 -10.20 26997 -149.77 178.69 -4.81 27000 -1.56 11.01 -16.04 27004 0.25 -1.44 -19.81 27009,1647561795.869373
-0.38 5.00 -8.62 27114 -57.08 161.37 -10.20 27118 -149.77 178.69 -4.81 27121 -1.56 11.01 -16.04 27125 0.25 -1.44 -19.81 27128,1647561795.9910436
-0.38 5.00 -8.62 27235 -57.08 161.37 -10.20 27238 -149.77 178.69 -4.81 27241 -1.56 11.01 -16.04 27245 0.25 -1.44 -19.81 27249,1647561796.1108336
-0.38 5.00 -8.62 27355 -57.08 161.37 -10.20 27358 -149.77 178.69 -4.81 27362 -1.56 11.01 -16.04 27365 0.25 -1.44 -19.81 27369,1647561796.2297392
-0.38 5.00 -8.62 27472 -57.08 161.37 -10.20 27478 -149.77 178.69 -4.81 27481 -1.56 11.01 -16.04 27486 0.25 -1.44 -19.81 27489,1647561796.3506777
-0.38 5.00 -8.62 27595 -57.08 161.37 -10.20 27598 -149.77 178.69 -4.81 27602 -1.56 11.01 -16.04 27606 0.25 -1.44 -19.81 27610,1647561796.471268
-0.38 5.00 -8.62 27716 -57.08 161.37 -10.20 27719 -149.77 178.69 -4.81 27723 -1.56 11.01 -16.04 27726 0.25 -1.44 -19.81 27729,1647561796.5920937
-0.38 5.00 -8.62 27837 -57.08 161.37 -10.20 27840 -149.77 178.69 -4.81 27844 -1.56 11.01 -16.04 27848 0.25 -1.44 -19.81 27851,1647561796.7129781
-0.38 5.00 -8.62 27958 -57.08 161.37 -10.20 27962 -149.77 178.69 -4.81 27965 -1.56 11.01 -16.04 27969 0.25 -1.44 -19.81 27973,1647561796.834694
-0.38 5.00 -8.62 28079 -57.08 161.37 -10.20 28083 -149.77 178.69 -4.81 28090 -1.56 11.01 -16.04 28096 0.25 -1.44 -19.81 28100,1647561796.9537141
-0.38 5.00 -8.62 28208 -57.08 161.37 -10.20 28213 -149.77 178.69 -4.81 28217 -1.56 11.01 -16.04 28224 0.25 -1.44 -19.81 28230,1647561797.0804706
-0.38 5.00 -8.62 28337 -57.08 161.37 -10.20 28343 -149.77 178.69 -4.81 28350 -1.56 11.01 -16.04 28356 0.25 -1.44 -19.81 28361,1647561797.2127278
-0.38 5.00 -8.62 28469 -57.08 161.37 -10.20 28473 -149.77 178.69 -4.81 28480 -1.56 11.01 -16.04 28486 0.25 -1.44 -19.81 28491,1647561797.3436522
-0.38 5.00 -8.62 28598 -57.08 161.37 -10.20 28605 -149.77 178.69 -4.81 28612 -1.56 11.01 -16.04 28616 0.25 -1.44 -19.81 28621,1647561797.4748511
-0.38 5.00 -8.62 28725 -57.08 161.37 -10.20 28729 -149.77 178.69 -4.81 28732 -1.56 11.01 -16.04 28737 0.25 -1.44 -19.81 28742,1647561797.6048558
-0.38 5.00 -8.62 28848 -57.08 161.37 -10.20 28851 -149.77 178.69 -4.81 28855 -1.56 11.01 -16.04 28858 0.25 -1.44 -19.81 28863,1647561797.7233253
-0.38 5.00 -8.62 28971 -57.08 161.37 -10.20 28974 -149.77 178.69 -4.81 28981 -1.56 11.01 -16.04 28987 0.25 -1.44 -19.81 28993,1647561797.8456972
-0.38 5.00 -8.62 29100 -57.08 161.37 -10.20 29103 -149.77 178.69 -4.81 29107 -1.56 11.01 -16.04 29111 0.25 -1.44 -19.81 29114,1647561797.9764118
-0.38 5.00 -8.62 29222 -57.08 161.37 -10.20 29225 -149.77 178.69 -4.81 29232 -1.56 11.01 -16.04 29238 0.25 -1.44 -19.81 29244,1647561798.0953948
-0.38 5.00 -8.62 29348 -57.08 161.37 -10.20 29352 -149.77 178.69 -4.81 29357 -1.56 11.01 -16.04 29361 0.25 -1.44 -19.81 29365,1647561798.2280343
